race,distance,latitude,longitude,elevation,elevation_delta
10 km,0.0,55.72177000000001,37.55321,123.00000000000001,0.0
10 km,0.09177827529857258,55.72236000842197,37.55219003087021,122.68,-0.3200000000000074
10 km,0.18355655946635382,55.72295000839352,37.551170030920034,122.51,-0.1700000000000017
10 km,0.27533486584893263,55.72354000000001,37.55015,122.00000000000001,-0.5099999999999909
10 km,0.3191512236194253,55.72382,37.54966,122.29,0.28999999999999204
10 km,0.3437483727508919,55.72399000000001,37.54941,122.29,0.0
10 km,0.39522482204692383,55.724380000000004,37.548970000000004,122.53000000000002,0.2400000000000091
10 km,0.4630266146800223,55.724916668827724,37.548460013972594,122.8,0.2699999999999818
10 km,0.5308284132737753,55.72545333554291,37.547950013926716,122.91,0.10999999999999943
10 km,0.5986301994523088,55.72599,37.54744,122.00000000000001,-0.9099999999999824
10 km,0.6790647862132064,55.72598000000001,37.54616,121.00000000000001,-1.0
10 km,0.6896168949085208,55.726040000000005,37.54603,121.00000000000001,0.0
10 km,0.6960090611335814,55.726090000000006,37.54598,121.00000000000001,0.0
10 km,0.7026892715912431,55.726150000000004,37.54598,121.00000000000001,0.0
10 km,0.7060879630249264,55.72618000000001,37.54599,121.00000000000001,0.0
10 km,0.7640268679943744,55.726560000000006,37.546620000000004,121.55,0.549999999999983
10 km,0.7930416902175474,55.72673,37.54697,120.0,-1.5499999999999972
10 km,0.8440342390353246,55.726980000000005,37.547650000000004,124.00000000000001,4.000000000000014
10 km,0.8833962947073334,55.72674000000001,37.54719,124.36000000000001,0.35999999999999943
10 km,0.8846747226922197,55.72675,37.547200000000004,124.35000000000001,-0.010000000000005116
10 km,0.9228216093365977,55.726980000000005,37.547650000000004,124.00000000000001,-0.3499999999999943
10 km,0.9327063518201334,55.727030000000006,37.54778,124.00000000000001,0.0
10 km,1.0273984982472106,55.727430000000005,37.549110000000006,128.0,3.999999999999986
10 km,1.0423001932709346,55.72748000000001,37.549330000000005,127.0,-1.0
10 km,1.129150479131826,55.726780000000005,37.54994000000001,127.0,0.0
10 km,1.135542618676648,55.72673,37.54999,127.0,0.0
10 km,1.2309070547798824,55.725970000000004,37.55069,128.0,1.0
10 km,1.2462599299528203,55.725910000000006,37.550470000000004,128.0,0.0
10 km,1.291387023353144,55.725550000000005,37.5508,126.86,-1.1400000000000006
10 km,1.3326095131527294,55.72523,37.55113,126.32000000000001,-0.539999999999992
10 km,1.3777037465251873,55.72489,37.551520000000004,125.31,-1.0100000000000051
10 km,1.4024118562963412,55.72471,37.551750000000006,125.31,0.0
10 km,1.4271199660675642,55.72489,37.551520000000004,125.31,0.0
10 km,1.4722141994401123,55.72523,37.55113,126.32000000000001,1.0100000000000051
10 km,1.513436689239577,55.725550000000005,37.5508,126.86,0.539999999999992
10 km,1.5585637826395569,55.725910000000006,37.550470000000004,128.0,1.1400000000000006
10 km,1.5739166578125776,55.725970000000004,37.55069,128.0,0.0
10 km,1.6692810939158154,55.72673,37.54999,127.0,-1.0
10 km,1.6756732334607658,55.726780000000005,37.54994000000001,127.0,0.0
10 km,1.7625235193219255,55.72748000000001,37.549330000000005,127.0,0.0
10 km,1.7780627357774652,55.727610000000006,37.549240000000005,122.00000000000001,-4.999999999999986
10 km,1.8580545290084185,55.727850000000004,37.55044,121.8,-0.20000000000001705
10 km,1.9004383374360807,55.728,37.55106,121.69,-0.10999999999999943
10 km,1.9831235630953346,55.72834,37.55223,121.51,-0.1799999999999926
10 km,2.028555912853091,55.728550000000006,37.55285000000001,121.41,-0.10000000000000853
10 km,2.0872428415582247,55.728840000000005,37.553630000000005,121.37,-0.03999999999999204
10 km,2.139457315425322,55.729125001769965,37.55428999518449,121.22,-0.15000000000000568
10 km,2.191671791350474,55.72941,37.554950000000005,121.22,0.0
10 km,2.2327108880480897,55.72966,37.55543,121.22,0.0
10 km,2.3082616099545135,55.730140000000006,37.55628,121.00000000000001,-0.21999999999998465
10 km,2.3428670078481857,55.730380000000004,37.556630000000006,121.00000000000001,0.0
10 km,2.3529399513229547,55.73044,37.55651,121.00000000000001,0.0
10 km,2.4307216077956437,55.730956672278886,37.55734331123098,121.37,0.36999999999999034
10 km,2.5085032708504027,55.73147333891795,37.55817664451939,123.04,1.6700000000000017
10 km,2.5862849529931284,55.73199,37.55901,123.04,0.0
10 km,2.64822032945051,55.73237,37.55973,124.03000000000002,0.9900000000000091
10 km,2.732739487606916,55.73285501306303,37.56076496145127,125.17,1.1399999999999864
10 km,2.817258652476274,55.733340017426706,37.56179994862065,125.17,0.0
10 km,2.901777824060399,55.733825013090666,37.56283496150882,126.62,1.4500000000000028
10 km,2.9862969928548466,55.73431000000001,37.56387,120.0,-6.6200000000000045
10 km,3.049834789113906,55.73470500215122,37.5645999925894,120.0,0.0
10 km,3.113372593555097,55.7351,37.56533,120.0,0.0
10 km,3.1804752268102328,55.73554000000001,37.56606,120.0,0.0
10 km,3.264226128209451,55.736110000000004,37.566930000000006,120.0,0.0
10 km,3.3556748099617506,55.736760000000004,37.567820000000005,120.0,0.0
10 km,3.4446972071562754,55.73742000000001,37.56862,120.0,0.0
10 km,3.514672985609232,55.73796,37.569190000000006,120.9,0.9000000000000057
10 km,3.5795619474003706,55.73847000000001,37.56969,121.8,0.8999999999999915
10 km,3.6705550131704476,55.739202505036886,37.570332463830084,122.69,0.8900000000000006
10 km,3.761548089859942,55.73993500672178,37.57097495177756,124.68,1.990000000000009
10 km,3.8525411774663496,55.740667505054454,37.57161746384384,127.01,2.3299999999999983
10 km,3.9435342716837,55.741400000000006,37.57226,130.60000000000002,3.5900000000000176
10 km,4.021113733615987,55.74202250379028,37.57281497347385,131.60000000000002,1.0
10 km,4.098693203461964,55.74264500507948,37.57336996465408,132.44,0.839999999999975
10 km,4.176272681217061,55.74326750386743,37.573924973541594,133.03,0.5900000000000034
10 km,4.253852147692399,55.74389000000001,37.57448,133.89000000000001,0.8600000000000136
10 km,4.320269124721296,55.74443500068927,37.57490999394555,135.21,1.3199999999999932
10 km,4.386686122654063,55.744980000000005,37.575340000000004,136.0,0.789999999999992
10 km,4.392181693722488,55.745000000000005,37.57526,123.00000000000001,-12.999999999999986
10 km,4.416122135634843,55.745200000000004,37.5754,123.00000000000001,0.0
10 km,4.4273264812107715,55.74530000000001,37.57542,123.00000000000001,0.0
10 km,4.470674488572953,55.74531,37.57611,131.0,7.999999999999986
10 km,4.476707638090549,55.74528,37.576190000000004,131.0,0.0
10 km,4.483615906765925,55.74528,37.5763,131.0,0.0
10 km,4.498306124978876,55.74541000000001,37.57634,131.0,0.0
10 km,4.526567130145937,55.74541000000001,37.57679,140.0,9.0
10 km,4.613075174414227,55.7455900072748,37.578129993704465,141.0,1.0
10 km,4.699583235916141,55.74577000000001,37.57947,146.24,5.240000000000009
10 km,4.7267937169506204,55.7458,37.5799,148.00000000000003,1.7600000000000193
10 km,4.781801837075241,55.74566000000001,37.580740000000006,151.75000000000003,3.75
10 km,4.847081482282075,55.74550000000001,37.58174,155.0,3.2499999999999716
10 km,4.864149064369112,55.74541000000001,37.58196,153.78,-1.2199999999999989
10 km,4.907972756121965,55.74530000000001,37.58263,152.00000000000003,-1.7799999999999727
10 km,4.9183927779375445,55.74526,37.58278,152.00000000000003,0.0
10 km,4.93716615131659,55.745140000000006,37.58299,152.00000000000003,0.0
10 km,5.0127972306931685,55.74448000032938,37.583275004820855,148.00000000000003,-4.0
10 km,5.088428301801448,55.74382000000001,37.583560000000006,141.0,-7.000000000000028
10 km,5.177427053945454,55.74304000047226,37.58387000616397,143.66,2.6599999999999966
10 km,5.266425813448937,55.74226,37.58418,144.0,0.3400000000000034
10 km,5.280421694031884,55.74224,37.583960000000005,144.99,0.9900000000000091
10 km,5.359002901788011,55.74154000000001,37.584120000000006,141.0,-3.990000000000009
10 km,5.431357453730729,55.7409,37.584320000000005,141.0,0.0
10 km,5.4506562925503115,55.740730000000006,37.58438,142.0,1.0
10 km,5.456177813016707,55.740700000000004,37.584450000000004,142.0,0.0
10 km,5.493815444336366,55.740370000000006,37.58458,142.0,0.0
10 km,5.4989287354641405,55.74033000000001,37.584540000000004,142.0,0.0
10 km,5.547847114472918,55.739900000000006,37.584700000000005,142.13,0.12999999999999545
10 km,5.6133368341321725,55.739335000106934,37.584990004318776,142.0,-0.12999999999999545
10 km,5.678826493356752,55.73877,37.585280000000004,141.0,-1.0
10 km,5.68332405446986,55.738730000000004,37.58529,141.0,0.0
10 km,5.687701504664953,55.738710000000005,37.585350000000005,141.0,0.0
10 km,5.720295571470444,55.73846,37.585620000000006,141.0,0.0
10 km,5.736617126373065,55.73836000000001,37.58581,141.0,0.0
10 km,5.742138855540856,55.73839,37.58588,140.0,-1.0
10 km,5.759244055455014,55.73841,37.58615,140.0,0.0
10 km,5.79161088952201,55.738220000000005,37.58654000000001,139.0,-1.0
10 km,5.860910696040498,55.737860000000005,37.58744,137.0,-2.0
10 km,5.948564259596471,55.737410005299715,37.58858501326151,137.25,0.25
10 km,6.036217807500879,55.73696,37.58973,136.0,-1.25
10 km,6.1164375130299415,55.736580004698915,37.59081501079514,135.42000000000002,-0.5799999999999841
10 km,6.196657179300995,55.736200000000004,37.5919,133.0,-2.420000000000016
10 km,6.254121566920018,55.73593500241422,37.59268500559017,132.0,-1.0
10 km,6.311585913898613,55.735670000000006,37.59347,129.0,-3.0
10 km,6.3918292913689205,55.735170000000004,37.594390000000004,129.0,0.0
10 km,6.461041542848577,55.73486000367407,37.59534500767466,128.29000000000002,-0.7099999999999795
10 km,6.530253777750016,55.734550000000006,37.59630000000001,124.82000000000001,-3.470000000000013
10 km,6.54650306796209,55.734440000000006,37.596470000000004,124.00000000000001,-0.8199999999999932
10 km,6.585348927422427,55.73427,37.597010000000004,120.0,-4.000000000000014
10 km,6.600390620166405,55.73415000000001,37.596900000000005,120.0,0.0
10 km,6.6124748281968655,55.73407,37.597030000000004,120.0,0.0
10 km,6.615031571036646,55.73405,37.597010000000004,120.0,0.0
10 km,6.640759733004155,55.73393000000001,37.59736,120.0,0.0
10 km,6.713937978704376,55.73336000151401,37.59677999168141,121.63000000000001,1.6300000000000097
10 km,6.787116255572577,55.73279,37.5962,123.00000000000001,1.3700000000000045
10 km,6.871182660558018,55.732130000000005,37.59555,120.73,-2.2700000000000102
10 km,6.937166541667462,55.73160000000001,37.59508,123.00000000000001,2.2700000000000102
10 km,7.028032800844842,55.73086000000001,37.59447,123.00000000000001,0.0
10 km,7.063406476329475,55.73057000000001,37.594240000000006,122.00000000000001,-1.0
10 km,7.07285113785125,55.73049,37.594190000000005,122.00000000000001,0.0
10 km,7.077348711553886,55.730450000000005,37.59418,122.00000000000001,0.0
10 km,7.16777489866077,55.72969400447626,37.59365395924546,122.00000000000001,0.0
10 km,7.258201074566612,55.72893800670517,37.59312793886319,122.00000000000001,0.0
10 km,7.348627239272773,55.72818200668689,37.592601938851885,121.41,-0.5900000000000176
10 km,7.439053392777688,55.72742600442158,37.59207595921024,120.36,-1.0499999999999972
10 km,7.5294795242424,55.726670000000006,37.591550000000005,120.89000000000001,0.5300000000000153
10 km,7.575598158100171,55.7263,37.59122,121.29,0.3999999999999915
10 km,7.621316197920399,55.72594,37.59087,122.00000000000001,0.710000000000008
10 km,7.673082842046106,55.72554,37.590450000000004,120.0,-2.000000000000014
10 km,7.682695211395808,55.725480000000005,37.590340000000005,120.0,0.0
10 km,7.727789360990251,55.72514,37.58995,120.0,0.0
10 km,7.739081494451335,55.72504000000001,37.589920000000006,120.0,0.0
10 km,7.750587468126498,55.72495000000001,37.589830000000006,120.0,0.0
10 km,7.849201507660242,55.7241880104026,37.58902993756212,120.0,0.0
10 km,7.947815534883874,55.7234260156063,37.588229906347976,120.0,0.0
10 km,8.046429549794356,55.72266401561147,37.58742990635567,120.0,0.0
10 km,8.145043552394018,55.72190201041846,37.58662993758332,120.0,0.0
10 km,8.243657546256552,55.721140000000005,37.58583,120.0,0.0
10 km,8.245336591759958,55.72115,37.58581,120.0,0.0
10 km,8.332909506564624,55.72048000209205,37.58507998739778,120.0,0.0
10 km,8.420482392868667,55.71981,37.58435,120.0,0.0
10 km,8.498795391693617,55.719230002018,37.583644989529745,120.0,0.0
10 km,8.577108382904646,55.718650000000004,37.58294,124.89000000000001,4.890000000000015
10 km,8.655648961631217,55.718090000000004,37.58218,124.71000000000001,-0.18000000000000682
10 km,8.729909939564617,55.71757,37.58144,124.30000000000001,-0.4099999999999966
10 km,8.813677598728045,55.717000000000006,37.58057,123.79,-0.5100000000000051
10 km,8.883924127723027,55.71654000239588,37.57980499102235,123.65,-0.14000000000000057
10 km,8.954170657209318,55.716080000000005,37.579040000000006,123.47000000000001,-0.1799999999999926
10 km,9.005310833369567,55.71575500136675,37.578464995258116,123.24000000000001,-0.23000000000000398
10 km,9.056451014321597,55.715430000000005,37.577890000000004,123.00000000000001,-0.23999999999999488
10 km,9.06652610314726,55.71549,37.57777,123.00000000000001,0.0
10 km,9.086233298234916,55.7154,37.5775,123.00000000000001,0.0
10 km,9.099018459329216,55.715300000000006,37.577400000000004,123.17000000000002,0.1700000000000017
10 km,9.179167768853198,55.71479000320274,37.576499988095776,122.96000000000001,-0.21000000000000796
10 km,9.25931704426493,55.71428,37.5756,123.00000000000001,0.04000000000000625
10 km,9.274110219444209,55.714220000000005,37.575390000000006,123.00000000000001,0.0
10 km,9.30223284565268,55.71407000000001,37.575030000000005,122.84,-0.1600000000000108
10 km,9.35837829910635,55.71380500230194,37.574269994717916,122.38000000000001,-0.45999999999999375
10 km,9.414523731432348,55.71354,37.573510000000006,122.14000000000001,-0.23999999999999488
10 km,9.481573267352225,55.71324500348093,37.57257999287595,122.00000000000001,-0.14000000000000057
10 km,9.548622785444838,55.712950000000006,37.571650000000005,121.56000000000002,-0.4399999999999977
10 km,9.573841163172455,55.71285,37.571290000000005,120.27000000000001,-1.2900000000000063
10 km,9.64316022399416,55.712635004355384,37.570254994324515,119.24000000000001,-1.0300000000000011
10 km,9.712479285139615,55.71242,37.56922,120.0,0.7599999999999909
10 km,9.780948039537098,55.71285500236134,37.56845000865703,124.00000000000001,4.000000000000014
10 km,9.849416813577099,55.71329000000001,37.56768,123.79,-0.21000000000000796
10 km,9.932214514510068,55.71382500341018,37.56676501251486,123.37,-0.4200000000000017
10 km,10.015012219730263,55.714360000000006,37.565850000000005,123.00000000000001,-0.36999999999999034
10 km,10.025857729964944,55.71443000000001,37.56597,123.00000000000001,0.0
10 km,10.089412241538385,55.71482500211081,37.56524000748085,122.45,-0.5500000000000114
10 km,10.152966774489874,55.71522,37.564510000000006,122.87,0.4200000000000017
10 km,10.210518287411292,55.71562,37.563930000000006,122.54,-0.3299999999999983
10 km,10.290642209355738,55.716132509777744,37.56303503519815,122.00000000000001,-0.539999999999992
10 km,10.370766138029632,55.716645013048954,37.56214004691084,122.23,0.22999999999998977
10 km,10.450890073429456,55.71715750981331,37.56124503513731,122.41,0.1799999999999926
10 km,10.53101400452896,55.717670000000005,37.56035,122.8,0.39000000000000057
42.195 km,0.0,55.717628,37.560372,125.4,0.0
42.195 km,0.02807698174245686,55.717808,37.56006,127.4,0.0
42.195 km,0.06364216885057303,55.718032,37.559657,126.5,0.0
42.195 km,0.0996634657488022,55.718255,37.559243,127.4,0.0
42.195 km,0.13438937656226735,55.718467,37.558838,126.5,0.0
42.195 km,0.1724987450501979,55.718708,37.558408,127.4,0.0
42.195 km,0.2100496235108024,55.71895,37.557992,127.4,0.0
42.195 km,0.2503691933941853,55.719212,37.55755,127.4,0.0
42.195 km,0.29075687969811664,55.719463,37.557087,126.5,0.0
42.195 km,0.32910420984766664,55.719713,37.556668,126.5,0.0
42.195 km,0.3676327130618507,55.719952,37.556225,126.5,0.0
42.195 km,0.40766887766216264,55.72021,37.555782,126.5,0.0
42.195 km,0.44673053580272637,55.720462,37.55535,127.4,0.0
42.195 km,0.48828378335378375,55.720727,37.554885,127.4,0.0
42.195 km,0.5281473018591203,55.720978,37.554433,127.4,0.0
42.195 km,0.5670871100889829,55.721232,37.554008,127.4,0.0
42.195 km,0.6076570309088383,55.721485,37.553545,127.4,0.0
42.195 km,0.6485208027488216,55.721745,37.553087,127.4,0.0
42.195 km,0.6895006489920714,55.72201,37.552635,127.4,0.0
42.195 km,0.7280206577906773,55.722255,37.552203,126.5,0.0
42.195 km,0.7673796752756517,55.722503,37.551757,126.5,0.0
42.195 km,0.8061333693383477,55.722753,37.55133,125.4,0.0
42.195 km,0.8460744546303797,55.723015,37.550898,126.5,0.0
42.195 km,0.8859361317670642,55.723267,37.550448,126.5,0.0
42.195 km,0.9253270195263424,55.72352,37.55001,126.5,0.0
42.195 km,0.9635234717972287,55.723765,37.549585,126.5,0.0
42.195 km,1.0017557579302352,55.724023,37.549187,126.5,0.0
42.195 km,1.0405426100163786,55.724327,37.548887,126.5,0.0
42.195 km,1.0788813161435715,55.724633,37.548608,126.5,0.0
42.195 km,1.1175410740217229,55.724938,37.548315,126.5,0.0
42.195 km,1.1564894123264369,55.725248,37.548028,127.4,0.0
42.195 km,1.1957350527411306,55.725562,37.547745,127.4,0.0
42.195 km,1.2346355455875948,55.72587,37.547453,127.4,0.0
42.195 km,1.2729441587296657,55.726182,37.547197,127.4,0.0
42.195 km,1.3101762035184639,55.726493,37.546983,127.4,0.0
42.195 km,1.346343632764177,55.726808,37.547072,127.4,0.0
42.195 km,1.3839092425643238,55.727093,37.54739,127.4,0.0
42.195 km,1.4216445797422854,55.727287,37.547877,128.5,0.0
42.195 km,1.4594858053808597,55.727473,37.54838,128.5,0.0
42.195 km,1.4985667097923807,55.727588,37.548967,127.4,-1.0999999999999943
42.195 km,1.5378324100308662,55.72769,37.549565,127.4,0.0
42.195 km,1.5770994304010615,55.727793,37.550162,127.4,0.0
42.195 km,1.6155939873370888,55.727912,37.550737,127.4,0.0
42.195 km,1.6536199040282582,55.72806,37.551282,128.5,1.0999999999999943
42.195 km,1.6917734256079786,55.72822,37.551818,128.5,0.0
42.195 km,1.7299725327147661,55.728392,37.552342,128.5,0.0
42.195 km,1.7675601118895938,55.728565,37.552855,128.5,0.0
42.195 km,1.8045852733536558,55.728743,37.553352,128.5,0.0
42.195 km,1.8432687058429338,55.728937,37.553862,127.4,0.0
42.195 km,1.881989792739396,55.729147,37.554353,128.5,0.0
42.195 km,1.920967355172808,55.729372,37.554828,128.5,0.0
42.195 km,1.9587548172149576,55.729597,37.555278,127.4,-1.0999999999999943
42.195 km,1.9955711018631939,55.729825,37.555702,127.4,0.0
42.195 km,2.033784225564093,55.730063,37.55614,127.4,0.0
42.195 km,2.0723824610248895,55.730327,37.556537,128.5,0.0
42.195 km,2.110563422005813,55.730582,37.556943,128.5,0.0
42.195 km,2.148761404083452,55.730833,37.557357,128.5,0.0
42.195 km,2.186691953143227,55.731085,37.557763,128.5,0.0
42.195 km,2.224533105948936,55.731337,37.558167,127.4,0.0
42.195 km,2.2617490457123233,55.731578,37.558577,128.5,0.0
42.195 km,2.299414906563329,55.731822,37.558992,128.5,1.0999999999999943
42.195 km,2.337213239046085,55.732063,37.559415,128.5,0.0
42.195 km,2.376134255378394,55.732295,37.559878,127.4,-1.0999999999999943
42.195 km,2.415384692954759,55.73253,37.560343,127.4,0.0
42.195 km,2.4527725602392185,55.732745,37.5608,127.4,0.0
42.195 km,2.490078758420724,55.732963,37.56125,127.4,0.0
42.195 km,2.527545821587972,55.733175,37.561713,127.4,0.0
42.195 km,2.563989518265534,55.73338,37.562165,127.4,0.0
42.195 km,2.6014218082128435,55.733592,37.562627,127.4,0.0
42.195 km,2.638236610183406,55.733798,37.563085,127.4,0.0
42.195 km,2.6764159941911356,55.734017,37.563552,127.4,0.0
42.195 km,2.7142258571264337,55.734237,37.56401,128.5,0.0
42.195 km,2.751387412242241,55.734463,37.564445,128.5,0.0
42.195 km,2.7891417805378502,55.734692,37.564888,128.5,0.0
42.195 km,2.826402921949381,55.734928,37.565308,128.5,0.0
42.195 km,2.862288387526919,55.735155,37.565713,128.5,0.0
42.195 km,2.9003513958212883,55.735412,37.566112,128.5,0.0
42.195 km,2.9398239930050805,55.73568,37.566523,128.5,0.0
42.195 km,2.9799479076190796,55.735945,37.566955,128.5,0.0
42.195 km,3.0184636237136004,55.736213,37.567342,128.5,0.0
42.195 km,3.0552781815269174,55.73647,37.56771,127.4,-1.0999999999999943
42.195 km,3.0943263814320194,55.736755,37.568072,128.5,0.0
42.195 km,3.132359955907902,55.737028,37.568435,127.4,-1.0999999999999943
42.195 km,3.170186645721769,55.737303,37.568788,127.4,0.0
42.195 km,3.2068327286040614,55.737582,37.569097,127.4,0.0
42.195 km,3.244649663685419,55.737877,37.569395,128.5,0.0
42.195 km,3.282489923205587,55.738172,37.569693,127.4,-1.0999999999999943
42.195 km,3.321070044644298,55.738482,37.569967,127.4,0.0
42.195 km,3.360133069884722,55.738795,37.570247,127.4,0.0
42.195 km,3.398668432534788,55.739107,37.570512,128.5,0.0
42.195 km,3.4367316515561153,55.73941,37.570792,128.5,0.0
42.195 km,3.4736173530622394,55.739722,37.570988,128.5,0.0
42.195 km,3.5109820914089753,55.74004,37.571175,127.4,0.0
42.195 km,3.548015096216736,55.740337,37.57144,127.4,0.0
42.195 km,3.5841195649181654,55.740627,37.571697,127.4,0.0
42.195 km,3.619760572928414,55.740915,37.571943,127.4,0.0
42.195 km,3.6577902691737507,55.74122,37.572215,127.4,0.0
42.195 km,3.6958716933128613,55.741523,37.572495,127.4,0.0
42.195 km,3.7328452934374043,55.74182,37.572758,128.5,0.0
42.195 km,3.769969447234961,55.742117,37.573025,128.5,0.0
42.195 km,3.8073241819690473,55.742418,37.573287,128.5,0.0
42.195 km,3.8444002321609654,55.742713,37.57356,128.5,0.0
42.195 km,3.8822211242557256,55.743017,37.573828,128.5,0.0
42.195 km,3.920209880665096,55.74332,37.574105,128.5,0.0
42.195 km,3.957962317730411,55.743625,37.574367,128.5,0.0
42.195 km,3.99553096436334,55.743928,37.57463,128.5,0.0
42.195 km,4.033412274011701,55.744237,37.574882,128.5,0.0
42.195 km,4.072387268141602,55.744557,37.575133,128.5,0.0
42.195 km,4.111358758565512,55.74487,37.57541,128.5,0.0
42.195 km,4.1510161901585025,55.745202,37.575637,126.5,0.0
42.195 km,4.188021358149865,55.745512,37.575847,126.5,0.0
42.195 km,4.2281074545931565,55.745867,37.575917,126.5,-0.9000000000000057
42.195 km,4.267754435440777,55.746223,37.575913,126.5,0.0
42.195 km,4.306629871097598,55.746572,37.575915,128.5,1.0999999999999943
42.195 km,4.344664701106256,55.746913,37.57594,128.5,0.0
42.195 km,4.383164208243963,55.747258,37.575972,128.5,0.0
42.195 km,4.4232030907539075,55.747617,37.575998,128.5,0.0
42.195 km,4.46298024463742,55.747973,37.575963,128.5,0.0
42.195 km,4.500268842530235,55.748307,37.575927,128.5,0.0
42.195 km,4.540234492858371,55.748665,37.575895,128.5,0.0
42.195 km,4.5784246962936725,55.749007,37.575852,127.4,0.0
42.195 km,4.616702928703187,55.74935,37.575813,128.5,0.0
42.195 km,4.654894486548638,55.749692,37.57577,128.5,0.0
42.195 km,4.6929594919545545,55.75003,37.57568,128.5,0.0
42.195 km,4.731464861457841,55.750367,37.575543,127.4,0.0
42.195 km,4.769921473580365,55.750703,37.575403,126.5,0.0
42.195 km,4.8089557004528904,55.751032,37.575192,126.5,0.0
42.195 km,4.847074644243158,55.751345,37.574947,125.4,-1.0999999999999943
42.195 km,4.885846947307428,55.751655,37.574667,125.4,0.0
42.195 km,4.922128762308673,55.751948,37.574417,126.5,0.0
42.195 km,4.958237027017523,55.752215,37.574092,126.5,1.0999999999999943
42.195 km,4.993237923112358,55.752467,37.573762,123.4,0.0
42.195 km,5.028825668094992,55.752722,37.573428,127.4,0.0
42.195 km,5.06920542805924,55.752963,37.572948,125.4,0.0
42.195 km,5.107830668046997,55.753182,37.572473,124.5,0.0
42.195 km,5.145135216743688,55.753377,37.57199,125.4,0.0
42.195 km,5.182309538272905,55.753562,37.571498,125.4,0.0
42.195 km,5.221054958690858,55.753737,37.570965,125.4,0.0
42.195 km,5.259492862655876,55.753897,37.570423,125.4,0.0
42.195 km,5.297661352254869,55.754035,37.569867,124.5,0.0
42.195 km,5.336536875848117,55.754148,37.569282,124.5,0.0
42.195 km,5.374401709869434,55.75425,37.568707,125.4,0.0
42.195 km,5.412491381040233,55.754342,37.568123,123.4,-1.0999999999999943
42.195 km,5.451610060554975,55.754417,37.567515,123.4,0.0
42.195 km,5.490916799356982,55.754472,37.566897,123.4,0.0
42.195 km,5.529466934707465,55.754497,37.566285,123.4,0.0
42.195 km,5.568940089044445,55.754533,37.56566,123.4,0.0
42.195 km,5.607165101715322,55.754542,37.565052,123.4,0.0
42.195 km,5.645839214789724,55.754518,37.564438,124.5,1.0999999999999943
42.195 km,5.684265698529779,55.754472,37.563832,124.5,0.0
42.195 km,5.723249063033769,55.754422,37.563218,124.5,0.0
42.195 km,5.762970067490941,55.754355,37.562597,123.4,0.0
42.195 km,5.801005552493008,55.75429,37.562003,123.4,0.0
42.195 km,5.839120233837462,55.754228,37.561407,123.4,0.0
42.195 km,5.8777698034761325,55.75415,37.560808,123.4,0.0
42.195 km,5.915631200005574,55.754042,37.560237,123.4,0.0
42.195 km,5.9542475595549735,55.753945,37.559647,123.4,0.0
42.195 km,5.9942645579313325,55.753812,37.559055,124.5,1.0999999999999943
42.195 km,6.034354977136258,55.753672,37.558467,124.5,0.0
42.195 km,6.07450596424519,55.753527,37.557882,124.5,0.0
42.195 km,6.11352603509668,55.753372,37.557325,124.5,0.0
42.195 km,6.152541179646956,55.753215,37.55677,124.5,0.0
42.195 km,6.191824584987551,55.753045,37.556222,123.4,-1.0999999999999943
42.195 km,6.231113926729865,55.752877,37.555672,123.4,0.0
42.195 km,6.269366225305523,55.752707,37.555143,123.4,0.0
42.195 km,6.307679329465556,55.75254,37.55461,123.4,0.0
42.195 km,6.3458792534675394,55.752367,37.554085,125.4,0.0
42.195 km,6.383170283065762,55.752185,37.553587,124.5,0.0
42.195 km,6.420392938157773,55.752017,37.553075,124.5,0.0
42.195 km,6.457820440288725,55.75183,37.55258,124.5,0.0
42.195 km,6.49608395158734,55.75164,37.552073,125.4,0.0
42.195 km,6.533640480377761,55.751452,37.551577,124.5,0.0
42.195 km,6.571342846119209,55.751243,37.551105,124.5,0.0
42.195 km,6.60991448672208,55.75104,37.550608,124.5,0.0
42.195 km,6.647376456251784,55.750818,37.55016,123.4,0.0
42.195 km,6.685702942549068,55.750592,37.5497,123.4,-1.0999999999999943
42.195 km,6.7246775273349275,55.750367,37.549225,123.4,0.0
42.195 km,6.762834036333321,55.75014,37.54877,124.5,0.0
42.195 km,6.801451672754202,55.749912,37.548307,125.4,0.9000000000000057
42.195 km,6.839635708967949,55.749688,37.547847,123.4,-2.0
42.195 km,6.876392561719976,55.74948,37.547393,123.4,0.0
42.195 km,6.915045334081365,55.749255,37.546925,124.5,1.0999999999999943
42.195 km,6.952229826519791,55.749045,37.546465,124.5,0.0
42.195 km,6.99110728709613,55.748813,37.546003,124.5,0.0
42.195 km,7.030200511203183,55.74858,37.545538,124.5,0.0
42.195 km,7.068170109130397,55.748363,37.545072,124.5,0.0
42.195 km,7.105727331684433,55.748148,37.544612,124.5,0.0
42.195 km,7.143488465316411,55.747957,37.544117,126.5,1.0999999999999943
42.195 km,7.181712589161615,55.747765,37.543613,125.4,0.0
42.195 km,7.218936767783293,55.747573,37.543128,126.5,0.0
42.195 km,7.256286597788287,55.747383,37.542638,125.4,0.0
42.195 km,7.293463707561565,55.747205,37.542138,125.4,0.0
42.195 km,7.331852318547308,55.747027,37.541615,124.5,0.0
42.195 km,7.370655532699805,55.746863,37.54107,124.5,0.0
42.195 km,7.409254627428463,55.746688,37.54054,124.5,0.0
42.195 km,7.44684052464924,55.746527,37.540015,124.5,0.0
42.195 km,7.484732737027125,55.746392,37.539462,124.5,0.0
42.195 km,7.523688777487357,55.746245,37.5389,125.4,0.9000000000000057
42.195 km,7.561833769827633,55.746127,37.53833,124.5,-0.9000000000000057
42.195 km,7.599606181417903,55.746025,37.537757,123.4,0.0
42.195 km,7.639555941340601,55.745968,37.53713,124.5,1.0999999999999943
42.195 km,7.679317820625467,55.745993,37.5365,124.5,0.0
42.195 km,7.718436361534097,55.74607,37.535893,124.5,0.0
42.195 km,7.756429711536093,55.746203,37.535337,124.5,-0.9000000000000057
42.195 km,7.794423954265198,55.746392,37.534838,126.5,0.0
42.195 km,7.832478599377492,55.746628,37.5344,127.4,0.0
42.195 km,7.870122802421293,55.746885,37.534012,128.5,1.0999999999999943
42.195 km,7.905357929526973,55.747162,37.533742,130.5,1.0999999999999943
42.195 km,7.938194943866584,55.747442,37.533588,130.5,0.0
42.195 km,7.975121267882867,55.747763,37.533457,130.5,0.0
42.195 km,8.013825659579027,55.748097,37.533297,133.5,0.0
42.195 km,8.051015136173392,55.748428,37.533237,133.5,0.0
42.195 km,8.086328142009222,55.748743,37.533177,133.5,0.0
42.195 km,8.12598979044102,55.749098,37.533198,133.5,0.0
42.195 km,8.16588555142482,55.749455,37.533233,133.5,0.0
42.195 km,8.205289264534077,55.749803,37.533343,134.4,0.0
42.195 km,8.242674209844436,55.75012,37.533518,133.5,0.0
42.195 km,8.284811716582661,55.750345,37.534053,132.4,-1.0999999999999943
42.195 km,8.326407277081655,55.750502,37.534652,133.5,0.0
42.195 km,8.36393223200421,55.750647,37.53519,133.5,0.0
42.195 km,8.401598112872275,55.750807,37.535717,133.5,0.0
42.195 km,8.439894921258796,55.750945,37.536275,133.5,1.0999999999999943
42.195 km,8.47843589268111,55.751067,37.536848,133.5,0.0
42.195 km,8.517562471193742,55.751225,37.537402,133.5,0.0
42.195 km,8.555613634786765,55.751388,37.537933,132.4,0.0
42.195 km,8.59171370210908,55.751533,37.538445,131.4,0.0
42.195 km,8.629977709375643,55.751707,37.53897,130.5,0.0
42.195 km,8.668345672473178,55.75186,37.539517,129.4,0.0
42.195 km,8.706764271168991,55.752015,37.540063,129.4,0.0
42.195 km,8.746268225966425,55.752172,37.540627,128.5,0.0
42.195 km,8.785833164181613,55.752305,37.54121,128.5,0.0
42.195 km,8.825630710499741,55.75246,37.54178,128.5,0.0
42.195 km,8.863178737584994,55.752602,37.542322,128.5,0.0
42.195 km,8.902202208378826,55.752767,37.54287,128.5,0.0
42.195 km,8.94047637813262,55.752915,37.54342,129.4,0.0
42.195 km,8.978081934666026,55.753037,37.543978,129.4,0.0
42.195 km,9.016272783092878,55.753197,37.544515,129.4,0.0
42.195 km,9.05536927727474,55.753363,37.545063,129.4,0.0
42.195 km,9.093049963587172,55.75351,37.545603,130.5,0.0
42.195 km,9.131514703611506,55.753663,37.546152,130.5,0.0
42.195 km,9.16983057429171,55.753832,37.546682,130.5,0.0
42.195 km,9.20863823964542,55.754058,37.54715,129.4,0.0
42.195 km,9.244943554698196,55.754332,37.547458,128.5,0.0
42.195 km,9.281995335934296,55.75464,37.54768,129.4,0.0
42.195 km,9.321398225002039,55.754973,37.54789,130.5,0.0
42.195 km,9.357824679848475,55.755273,37.548117,130.5,0.0
42.195 km,9.394831761910973,55.755533,37.548483,130.5,0.0
42.195 km,9.43288747204881,55.755787,37.548887,131.4,0.0
42.195 km,9.473472390097374,55.755928,37.549473,130.5,-0.9000000000000057
42.195 km,9.512852203141964,55.756015,37.550078,130.5,0.0
42.195 km,9.55235170678388,55.756067,37.5507,130.5,0.0
42.195 km,9.589338667219328,55.756102,37.551285,130.5,0.0
42.195 km,9.627460417340453,55.75614,37.551888,130.5,0.0
42.195 km,9.666045669215272,55.756193,37.552495,130.5,0.0
42.195 km,9.704059296887362,55.75624,37.553093,130.5,0.0
42.195 km,9.742751544201337,55.756305,37.553698,130.5,0.0
42.195 km,9.781315997160709,55.756378,37.554297,130.5,0.0
42.195 km,9.818030537264864,55.756422,37.554875,129.4,-1.0999999999999943
42.195 km,9.854573075371434,55.75648,37.555447,129.4,0.0
42.195 km,9.892435368606785,55.756525,37.556043,129.4,0.0
42.195 km,9.93076307159173,55.756603,37.556637,129.4,0.0
42.195 km,9.9681913805698,55.756672,37.55722,129.4,0.0
42.195 km,10.002883032838955,55.756748,37.557755,128.5,0.0
42.195 km,10.041028774390707,55.756807,37.55835,128.5,0.0
42.195 km,10.068476785898296,55.756928,37.558695,130.5,0.0
42.195 km,10.101668632875294,55.757223,37.558627,131.4,0.0
42.195 km,10.13709161608473,55.757538,37.558558,134.4,0.0
42.195 km,10.169916005417269,55.75783,37.558487,135.5,0.0
42.195 km,10.203352777062603,55.758123,37.558372,138.4,0.9000000000000057
42.195 km,10.235502083941611,55.758405,37.558263,139.4,0.0
42.195 km,10.270992923178706,55.758718,37.558157,140.5,0.0
42.195 km,10.309520192168499,55.759062,37.558093,141.4,0.0
42.195 km,10.346056541337061,55.75939,37.558092,142.5,0.0
42.195 km,10.38033776451135,55.759695,37.558148,144.5,0.0
42.195 km,10.415362075908947,55.76,37.558282,146.5,1.0999999999999943
42.195 km,10.454293561755883,55.760338,37.558438,147.4,0.0
42.195 km,10.491193492541216,55.760643,37.558667,149.5,0.0
42.195 km,10.52801517793273,55.760943,37.558913,149.5,0.0
42.195 km,10.566184748832168,55.761258,37.559152,151.5,0.0
42.195 km,10.602526911137781,55.761557,37.559383,151.5,0.0
42.195 km,10.641474749169985,55.761875,37.55964,151.5,0.0
42.195 km,10.677256428454728,55.762163,37.559892,151.5,0.0
42.195 km,10.713421879678563,55.762462,37.560117,151.5,0.0
42.195 km,10.751654491105134,55.762782,37.560337,152.4,0.0
42.195 km,10.789426754381543,55.76309,37.560588,152.4,0.0
42.195 km,10.828569262115522,55.763275,37.561073,152.4,0.0
42.195 km,10.868403593359332,55.76317,37.561677,152.4,0.0
42.195 km,10.90634791506632,55.76304,37.562235,151.5,0.0
42.195 km,10.941972292573455,55.76295,37.562773,151.5,0.0
42.195 km,10.978772884457973,55.762868,37.56334,151.5,0.0
42.195 km,11.016518966869725,55.762758,37.563908,150.4,-1.0999999999999943
42.195 km,11.055443569755061,55.762647,37.564495,150.4,0.0
42.195 km,11.093117338028172,55.762557,37.565073,150.4,0.0
42.195 km,11.13042957729048,55.762463,37.565643,148.4,-2.0
42.195 km,11.168875522886632,55.76236,37.566227,148.4,0.0
42.195 km,11.207842979947845,55.762263,37.566823,148.4,0.0
42.195 km,11.24721371452283,55.762155,37.56742,146.5,0.0
42.195 km,11.286419121802451,55.762062,37.568022,146.5,0.0
42.195 km,11.324962365265268,55.761975,37.568615,145.4,0.0
42.195 km,11.364373424101197,55.761897,37.569227,145.4,0.9000000000000057
42.195 km,11.402368146170101,55.761812,37.569813,144.5,0.0
42.195 km,11.439754648321859,55.761723,37.570387,145.4,0.9000000000000057
42.195 km,11.477254310531531,55.761633,37.570962,144.5,0.0
42.195 km,11.515578215645569,55.761538,37.571548,143.4,0.0
42.195 km,11.554619965340207,55.761455,37.572152,144.5,0.0
42.195 km,11.592959311202694,55.761387,37.57275,144.5,0.0
42.195 km,11.632342474058078,55.761298,37.573357,143.4,0.0
42.195 km,11.67246084963105,55.761203,37.573973,141.4,-1.0999999999999943
42.195 km,11.712775920227122,55.76114,37.574605,140.5,0.0
42.195 km,11.752640781704063,55.761088,37.575233,139.4,0.0
42.195 km,11.79258126918836,55.761035,37.575862,138.4,-1.0
42.195 km,11.830319223383075,55.760992,37.576458,138.4,0.0
42.195 km,11.868674072416454,55.760928,37.577058,137.5,-0.9000000000000057
42.195 km,11.906503080757899,55.760853,37.577645,137.5,0.0
42.195 km,11.942641839610271,55.76078,37.578205,136.4,-1.0999999999999943
42.195 km,11.979621570986343,55.760743,37.57879,136.4,0.0
42.195 km,12.018751861655076,55.760687,37.579402,141.4,0.0
42.195 km,12.057484751147001,55.760532,37.579953,141.4,0.0
42.195 km,12.095381287861473,55.760377,37.580487,141.4,0.0
42.195 km,12.13221971026326,55.760147,37.580908,141.4,0.0
42.195 km,12.167171549949162,55.759952,37.581343,141.4,0.0
42.195 km,12.202210848077835,55.759735,37.581747,144.5,-0.9000000000000057
42.195 km,12.238954859808151,55.759507,37.582168,146.5,0.0
42.195 km,12.274901514359222,55.759398,37.582705,147.4,0.0
42.195 km,12.313422861605364,55.759278,37.58328,147.4,0.0
42.195 km,12.351479042666547,55.759162,37.58385,149.5,1.0999999999999943
42.195 km,12.38786881314758,55.75901,37.584353,149.5,0.0
42.195 km,12.426271810337417,55.758675,37.58442,149.5,0.0
42.195 km,12.467394191431671,55.758308,37.584348,148.4,0.0
42.195 km,12.50690181760512,55.757963,37.584212,148.4,0.0
42.195 km,12.545139327229585,55.75762,37.584212,149.5,0.0
42.195 km,12.582773269348946,55.757283,37.584177,149.5,0.0
42.195 km,12.62203230538461,55.756932,37.584122,149.5,0.0
42.195 km,12.660719137881065,55.756587,37.58405,147.4,0.0
42.195 km,12.699750761987229,55.756238,37.583995,147.4,0.0
42.195 km,12.738638214545341,55.75589,37.583943,150.4,0.0
42.195 km,12.777597273437994,55.755542,37.583883,150.4,0.0
42.195 km,12.816683093213792,55.755193,37.583817,149.5,0.0
42.195 km,12.855304328505538,55.754848,37.583755,148.4,0.0
42.195 km,12.89419885752851,55.754502,37.583677,145.4,-3.0
42.195 km,12.931968365986068,55.754165,37.583612,144.5,0.0
42.195 km,12.97230803131376,55.753805,37.583543,143.4,0.0
42.195 km,13.011833517378108,55.753453,37.583463,141.4,-1.0999999999999943
42.195 km,13.052143877905138,55.753093,37.583397,138.4,-1.0
42.195 km,13.09321943497354,55.752727,37.58332,137.5,-0.9000000000000057
42.195 km,13.131149555846969,55.752388,37.583263,136.4,-1.0999999999999943
42.195 km,13.184010093652025,55.751933,37.583025,136.4,0.0
42.195 km,13.219007043604043,55.751639,37.583012,136.4,0.0
42.195 km,13.253442765211314,55.75133,37.583025,136.4,0.9000000000000057
42.195 km,13.2939067968345,55.750967,37.58303,136.4,0.0
42.195 km,13.335150408387832,55.750597,37.583002,136.4,0.0
42.195 km,13.374624235672652,55.750243,37.582972,135.5,0.0
42.195 km,13.415572594546301,55.749877,37.58291,135.5,0.0
42.195 km,13.453796683597849,55.749535,37.582862,137.5,0.0
42.195 km,13.49278311123842,55.749188,37.582788,137.5,0.0
42.195 km,13.532962019396741,55.74883,37.582722,138.4,0.0
42.195 km,13.571893443583772,55.748482,37.58267,138.4,0.0
42.195 km,13.612459983264449,55.748118,37.582647,140.5,0.0
42.195 km,13.650777939326192,55.747775,37.582607,142.5,2.0
42.195 km,13.690076025415868,55.747423,37.58257,142.5,0.0
42.195 km,13.728239667718618,55.747082,37.58251,142.5,0.0
42.195 km,13.767290914850841,55.746733,37.582493,142.5,0.0
42.195 km,13.807834717642072,55.746377,37.582627,141.4,0.0
42.195 km,13.848241148113278,55.746027,37.582795,141.4,0.0
42.195 km,13.888583797968762,55.745673,37.58293,143.4,0.0
42.195 km,13.928127793987032,55.745332,37.583102,144.5,0.0
42.195 km,13.968824184605978,55.744978,37.583263,143.4,0.0
42.195 km,14.008787799184384,55.744627,37.583395,140.5,0.0
42.195 km,14.049142171425254,55.744275,37.583547,139.4,0.0
42.195 km,14.088780165152725,55.74393,37.583702,140.5,-0.9000000000000057
42.195 km,14.12897947747729,55.743582,37.58387,140.5,0.0
42.195 km,14.17002712590668,55.74322,37.583993,140.5,0.0
42.195 km,14.209523690535637,55.742873,37.584122,140.5,0.0
42.195 km,14.24838183673812,55.742532,37.584252,138.4,0.0
42.195 km,14.289878916058779,55.742168,37.584392,138.4,0.0
42.195 km,14.328359703139956,55.74183,37.584518,138.4,0.0
42.195 km,14.369785773041306,55.741468,37.584668,138.4,0.0
42.195 km,14.40813733920383,55.74113,37.584785,138.4,0.9000000000000057
42.195 km,14.445370277157686,55.7408,37.584878,138.4,0.0
42.195 km,14.482203865095727,55.740483,37.585038,137.5,-0.9000000000000057
42.195 km,14.519870441664356,55.74016,37.585215,137.5,0.0
42.195 km,14.55966805430477,55.739817,37.58539,137.5,0.0
42.195 km,14.598615711849988,55.739482,37.585567,137.5,0.0
42.195 km,14.637338791626338,55.739148,37.585737,136.4,-1.0999999999999943
42.195 km,14.676560961285444,55.738815,37.58594,137.5,1.0999999999999943
42.195 km,14.715216955398482,55.738528,37.586282,137.5,0.0
42.195 km,14.753891165756901,55.738283,37.586717,137.5,-0.9000000000000057
42.195 km,14.79256569422101,55.738093,37.587232,137.5,0.0
42.195 km,14.832608133912563,55.73788,37.587745,137.5,-1.9000000000000057
42.195 km,14.871913883086801,55.737672,37.58825,137.5,0.0
42.195 km,14.909704330674849,55.737495,37.588763,136.4,0.0
42.195 km,14.948618927263162,55.737302,37.589278,135.5,0.0
42.195 km,14.987989128183589,55.737105,37.589798,135.5,0.0
42.195 km,15.027849241715481,55.7369,37.590318,134.4,0.0
42.195 km,15.068653492030165,55.73669,37.59085,134.4,0.0
42.195 km,15.108206929089118,55.736505,37.591387,133.5,0.0
42.195 km,15.147918744039627,55.736318,37.591925,133.5,0.0
42.195 km,15.186544791224968,55.73614,37.592452,133.5,0.0
42.195 km,15.22557746261823,55.735963,37.592988,132.4,0.0
42.195 km,15.26588633221869,55.735767,37.593527,130.5,-0.9000000000000057
42.195 km,15.307179759905356,55.735557,37.594068,130.5,0.0
42.195 km,15.341826155458541,55.735395,37.594538,128.5,-0.9000000000000057
42.195 km,15.378847359152045,55.73522,37.595038,130.5,1.0999999999999943
42.195 km,15.416917684834079,55.735052,37.595565,130.5,0.0
42.195 km,15.455151001562712,55.734892,37.596103,131.4,0.0
42.195 km,15.493654941571231,55.734737,37.59665,131.4,0.0
42.195 km,15.530726152145261,55.734572,37.597162,132.4,0.0
42.195 km,15.567334717364632,55.73442,37.597678,134.4,0.0
42.195 km,15.603152705798374,55.734247,37.598158,133.5,0.0
42.195 km,15.641017762078036,55.734078,37.59868,133.5,0.0
42.195 km,15.678492809878984,55.733903,37.599187,134.4,0.0
42.195 km,15.716256326471058,55.733733,37.599707,133.5,0.0
42.195 km,15.75439082679007,55.73356,37.60023,133.5,0.0
42.195 km,15.792950152227654,55.733365,37.600737,132.4,0.0
42.195 km,15.831461843793088,55.733195,37.60127,132.4,0.0
42.195 km,15.869188972271296,55.733028,37.601792,130.5,-0.9000000000000057
42.195 km,15.910871031994299,55.732832,37.602357,129.4,0.0
42.195 km,15.952213860792863,55.73264,37.60292,128.5,0.0
42.195 km,15.993443955793426,55.73245,37.603483,127.4,0.0
42.195 km,16.03466442882382,55.732285,37.60407,125.4,-1.0999999999999943
42.195 km,16.07517598027337,55.732097,37.60462,125.4,0.0
42.195 km,16.11399698723568,55.731918,37.605148,126.5,0.0
42.195 km,16.15112036414468,55.73175,37.605658,125.4,-1.0999999999999943
42.195 km,16.189066495766042,55.731567,37.606167,126.5,0.0
42.195 km,16.227665354513356,55.731347,37.60664,125.4,0.0
42.195 km,16.267113647365225,55.73114,37.607147,125.4,0.0
42.195 km,16.306036903356397,55.73097,37.607688,125.4,0.0
42.195 km,16.34368743840014,55.730818,37.608223,126.5,0.0
42.195 km,16.381862934817956,55.730658,37.60876,127.4,0.9000000000000057
42.195 km,16.41982682671736,55.730502,37.609297,128.5,1.0999999999999943
42.195 km,16.454949959448744,55.730342,37.609777,129.4,0.9000000000000057
42.195 km,16.489424975510317,55.730128,37.610173,130.5,0.0
42.195 km,16.524200054687885,55.730033,37.610692,132.4,0.0
42.195 km,16.558371509385193,55.729918,37.611195,133.5,0.0
42.195 km,16.59382838846005,55.729775,37.611698,134.4,0.9000000000000057
42.195 km,16.630846415925195,55.729907,37.612117,133.5,0.0
42.195 km,16.672194407749043,55.73027,37.612252,133.5,0.0
42.195 km,16.711282349138763,55.73062,37.612295,134.4,0.0
42.195 km,16.74950061518084,55.730963,37.612292,134.4,0.0
42.195 km,16.78613959821716,55.731292,37.612285,134.4,0.0
42.195 km,16.823604358663598,55.731628,37.612307,134.4,0.0
42.195 km,16.862133007757812,55.731973,37.612348,134.4,0.0
42.195 km,16.90028332415744,55.732315,37.612377,134.4,0.0
42.195 km,16.93688900113397,55.732642,37.612428,134.4,0.0
42.195 km,16.97748482446096,55.733002,37.612523,134.4,0.0
42.195 km,17.013077002900364,55.733318,37.612608,134.4,0.0
42.195 km,17.048619824890608,55.733632,37.612707,134.4,0.0
42.195 km,17.08372806075281,55.733945,37.612773,133.5,0.0
42.195 km,17.121897003424607,55.734277,37.612923,134.4,0.0
42.195 km,17.162226094713635,55.734625,37.613098,133.5,0.0
42.195 km,17.20203966756801,55.734972,37.61325,133.5,0.0
42.195 km,17.242534994104265,55.73532,37.613437,132.4,-1.0999999999999943
42.195 km,17.283461367978205,55.735663,37.61367,132.4,1.0
42.195 km,17.32360078410328,55.73601,37.613842,130.5,0.0
42.195 km,17.362599720998308,55.736335,37.614072,130.5,0.0
42.195 km,17.403881143500367,55.736677,37.614325,129.4,0.0
42.195 km,17.444063792322996,55.737012,37.614562,128.5,-0.9000000000000057
42.195 km,17.484670386593535,55.737358,37.614765,128.5,0.0
42.195 km,17.52498784406203,55.737697,37.61499,127.4,0.0
42.195 km,17.56556668609642,55.738037,37.615222,128.5,0.0
42.195 km,17.60686025982214,55.738383,37.615457,127.4,0.0
42.195 km,17.647797257483298,55.73873,37.615672,126.5,0.0
42.195 km,17.685508796507033,55.739043,37.6159,126.5,0.0
42.195 km,17.725497778448158,55.73937,37.616158,126.5,0.0
42.195 km,17.76451091212481,55.73971,37.616302,126.5,0.0
42.195 km,17.805404922990466,55.740057,37.616515,125.4,0.0
42.195 km,17.844392581818887,55.74039,37.616705,125.4,0.0
42.195 km,17.885172534972355,55.74075,37.616805,124.5,-0.9000000000000057
42.195 km,17.924747146960808,55.7411,37.6167,125.4,0.0
42.195 km,17.962264397482272,55.741413,37.61648,125.4,0.0
42.195 km,18.001314337348564,55.741732,37.616223,125.4,0.0
42.195 km,18.039968547694414,55.742053,37.61599,124.5,0.0
42.195 km,18.07962605923096,55.742387,37.61578,125.4,0.0
42.195 km,18.117996437978427,55.74272,37.615625,125.4,0.0
42.195 km,18.1568651882579,55.743045,37.615402,126.5,1.0999999999999943
42.195 km,18.197481181692424,55.74339,37.615193,125.4,0.0
42.195 km,18.236311075386183,55.743715,37.61497,125.4,0.0
42.195 km,18.275505639707983,55.744033,37.614703,124.5,0.0
42.195 km,18.31617818816602,55.744387,37.614598,124.5,0.0
42.195 km,18.355724583142848,55.744738,37.614598,124.5,0.0
42.195 km,18.396892863153536,55.745083,37.614365,124.5,0.0
42.195 km,18.4385099959856,55.745423,37.61409,123.4,0.0
42.195 km,18.47919676514478,55.74575,37.613802,123.4,0.0
42.195 km,18.519646312496008,55.746077,37.613522,122.4,0.0
42.195 km,18.558545424898004,55.746403,37.61331,123.4,1.0
42.195 km,18.60074297891835,55.746695,37.613697,123.4,0.0
42.195 km,18.64066804325829,55.746888,37.614232,122.4,0.0
42.195 km,18.68151303409919,55.747073,37.614793,122.4,0.0
42.195 km,18.721022567347898,55.74725,37.615338,123.4,0.0
42.195 km,18.760395384458064,55.747417,37.61589,123.4,0.0
42.195 km,18.798031332638978,55.74756,37.616432,121.5,0.0
42.195 km,18.83593876087501,55.747693,37.616987,122.4,0.0
42.195 km,18.873967278914495,55.747803,37.61756,122.4,0.0
42.195 km,18.912408758356467,55.747912,37.61814,122.4,0.0
42.195 km,18.95174127573997,55.748007,37.618743,123.4,0.0
42.195 km,18.991411828836554,55.748082,37.61936,123.4,0.0
42.195 km,19.030296970865567,55.74816,37.619963,122.4,0.0
42.195 km,19.069751080501902,55.74823,37.620578,123.4,0.0
42.195 km,19.10867425306617,55.748275,37.621192,123.4,0.0
42.195 km,19.147434859513226,55.748323,37.621803,122.4,0.0
42.195 km,19.18608890023084,55.748377,37.62241,123.4,0.0
42.195 km,19.22434572764287,55.748425,37.623013,122.4,0.0
42.195 km,19.26258942172771,55.748458,37.623618,122.4,0.0
42.195 km,19.30169135789934,55.748458,37.624237,122.4,0.0
42.195 km,19.34029810739325,55.748492,37.624847,123.4,0.0
42.195 km,19.37998733637338,55.74857,37.625463,122.4,0.0
42.195 km,19.417747634859808,55.748633,37.626053,122.4,0.0
42.195 km,19.455308063509797,55.748648,37.62665,123.4,0.0
42.195 km,19.49401400963755,55.748683,37.627263,122.4,0.0
42.195 km,19.532105209899022,55.748688,37.627868,123.4,0.0
42.195 km,19.571776038997225,55.748665,37.628498,123.4,0.0
42.195 km,19.6113552736436,55.748603,37.629118,123.4,0.0
42.195 km,19.649365801383112,55.748557,37.629717,123.4,0.0
42.195 km,19.688475242892082,55.748478,37.630323,122.4,0.0
42.195 km,19.726004698692556,55.748392,37.6309,123.4,0.0
42.195 km,19.766278632026705,55.74832,37.631528,123.4,0.0
42.195 km,19.805782473503598,55.748212,37.632125,123.4,1.0
42.195 km,19.844325441065056,55.748082,37.632693,122.4,0.0
42.195 km,19.882975602641956,55.74795,37.633262,122.4,0.0
42.195 km,19.922399485386375,55.747832,37.633853,122.4,0.0
42.195 km,19.961549985831006,55.7477,37.63443,122.4,0.0
42.195 km,20.00052275714716,55.747553,37.634993,120.4,-1.0999999999999943
42.195 km,20.040468282693958,55.747382,37.635552,120.4,0.0
42.195 km,20.079587546656967,55.747205,37.63609,120.4,0.0
42.195 km,20.117702554005486,55.74701,37.636588,121.5,0.0
42.195 km,20.15596221247956,55.74679,37.637055,120.4,0.0
42.195 km,20.194728738452984,55.746553,37.637507,121.5,0.0
42.195 km,20.23807791239771,55.746295,37.638023,121.5,0.0
42.195 km,20.276186058517418,55.746078,37.638488,121.5,1.0999999999999943
42.195 km,20.315604772081432,55.745823,37.638923,121.5,0.0
42.195 km,20.354182932213348,55.745553,37.639307,120.4,0.0
42.195 km,20.391128771026015,55.74529,37.639665,120.4,0.0
42.195 km,20.430385193238305,55.744998,37.640015,121.5,0.0
42.195 km,20.469506225995715,55.744695,37.64033,121.5,0.0
42.195 km,20.50698312616865,55.744402,37.640622,119.5,-0.9000000000000057
42.195 km,20.54626739888531,55.744092,37.64092,119.5,0.0
42.195 km,20.585606591066156,55.743783,37.641223,119.5,0.0
42.195 km,20.624950087096448,55.743472,37.64152,119.5,0.0
42.195 km,20.666125924918806,55.74315,37.641842,120.4,0.0
42.195 km,20.706388433432483,55.742828,37.642133,120.4,0.0
42.195 km,20.74601398473118,55.742512,37.642423,120.4,0.0
42.195 km,20.786323697851287,55.742187,37.642705,120.4,0.0
42.195 km,20.826321605148188,55.741865,37.642987,120.4,0.0
42.195 km,20.866923690988813,55.741533,37.643252,120.4,0.0
42.195 km,20.90458493514079,55.74121,37.643427,121.5,0.0
42.195 km,20.943415695830552,55.740877,37.64361,120.4,0.0
42.195 km,20.981948092892804,55.740545,37.643782,120.4,0.0
42.195 km,21.022281696361222,55.740203,37.643992,120.4,0.0
42.195 km,21.061647083525,55.739863,37.644162,120.4,0.0
42.195 km,21.102047044384335,55.739517,37.644355,120.4,0.0
42.195 km,21.140008436074442,55.739193,37.644542,120.4,0.0
42.195 km,21.17809101099876,55.738867,37.644725,120.4,0.0
42.195 km,21.21729978140991,55.738528,37.644893,121.5,1.0999999999999943
42.195 km,21.256355388611624,55.73819,37.645058,120.4,0.0
42.195 km,21.29556798599076,55.737848,37.645207,120.4,0.0
42.195 km,21.333711891222652,55.737513,37.645333,120.4,0.0
42.195 km,21.37072665809517,55.737187,37.645447,119.5,-0.9000000000000057
42.195 km,21.409125260923535,55.73685,37.645575,120.4,0.9000000000000057
42.195 km,21.447450636339187,55.736518,37.64564,119.5,0.0
42.195 km,21.49032725180338,55.73687,37.645425,119.5,0.0
42.195 km,21.53425774466498,55.737257,37.64529,119.5,0.0
42.195 km,21.574661371399653,55.737612,37.645157,119.5,0.0
42.195 km,21.61207458433835,55.737933,37.644983,119.5,0.0
42.195 km,21.6495869786298,55.738258,37.644828,119.5,0.0
42.195 km,21.68889328807114,55.738602,37.64469,119.5,0.0
42.195 km,21.72708137310546,55.738927,37.644497,119.5,0.0
42.195 km,21.76738375579942,55.739275,37.644322,119.5,0.0
42.195 km,21.806643836966764,55.739615,37.644158,118.4,-1.0999999999999943
42.195 km,21.843892919826427,55.73994,37.644022,119.5,1.0999999999999943
42.195 km,21.88430220418161,55.74028,37.643797,119.5,0.0
42.195 km,21.923580531679384,55.740618,37.64362,120.4,0.9000000000000057
42.195 km,21.959900488523036,55.740922,37.643413,119.5,0.0
42.195 km,21.9998159033736,55.741268,37.643247,119.5,0.0
42.195 km,22.038164818629074,55.741588,37.643023,119.5,0.0
42.195 km,22.075620643806204,55.741898,37.642793,120.4,0.0
42.195 km,22.113319381497654,55.742202,37.64253,120.4,0.0
42.195 km,22.150665227003163,55.74249,37.642227,120.4,0.0
42.195 km,22.18896713321496,55.742797,37.641953,119.5,0.0
42.195 km,22.225362661714463,55.743098,37.641735,119.5,0.0
42.195 km,22.263861788042643,55.743402,37.641445,118.4,0.0
42.195 km,22.30274403842538,55.743698,37.641117,116.4,0.0
42.195 km,22.34074690555968,55.743992,37.64081,119.5,0.0
42.195 km,22.38052544190598,55.744307,37.640512,118.4,0.0
42.195 km,22.418268414744237,55.744602,37.640217,118.4,0.0
42.195 km,22.457422602264764,55.744913,37.639928,118.4,0.0
42.195 km,22.495744637455534,55.745195,37.63958,119.5,1.0999999999999943
42.195 km,22.536652428338964,55.74549,37.639193,119.5,0.0
42.195 km,22.57703943121587,55.745782,37.638812,120.4,0.0
42.195 km,22.615455198042245,55.746032,37.638393,119.5,0.0
42.195 km,22.653614972995054,55.746147,37.637852,120.4,0.0
42.195 km,22.69875363289206,55.745845,37.637377,122.4,0.0
42.195 km,22.74299330166083,55.745525,37.63696,123.4,0.0
42.195 km,22.781460245333633,55.745288,37.63653,123.4,0.0
42.195 km,22.823023953592873,55.745573,37.636732,125.4,0.0
42.195 km,22.863459655745633,55.745858,37.63713,127.4,0.9000000000000057
42.195 km,22.901603345967235,55.746118,37.637525,129.4,0.9000000000000057
42.195 km,22.94023961227568,55.746393,37.6379,130.5,0.0
42.195 km,22.975708843689237,55.746647,37.63824,130.5,0.0
42.195 km,23.012980986611964,55.746913,37.6386,131.4,0.0
42.195 km,23.05082281513752,55.747182,37.638968,131.4,0.0
42.195 km,23.090914842237236,55.747463,37.639367,131.4,0.0
42.195 km,23.129918681965226,55.74774,37.639747,130.5,0.0
42.195 km,23.16940270229011,55.748018,37.640137,129.4,0.0
42.195 km,23.209684307428876,55.748297,37.640545,127.4,-1.0999999999999943
42.195 km,23.250609619401136,55.748587,37.640945,125.4,-2.0
42.195 km,23.291399885831638,55.748887,37.641315,124.5,0.0
42.195 km,23.329120688319325,55.749202,37.641535,123.4,0.0
42.195 km,23.369236114069352,55.749538,37.641765,123.4,0.0
42.195 km,23.40733936008252,55.749855,37.641992,124.5,0.0
42.195 km,23.442334188005713,55.750128,37.642267,125.4,0.9000000000000057
42.195 km,23.478851468385677,55.750392,37.64261,126.5,0.0
42.195 km,23.516597224739563,55.750625,37.643045,127.4,0.0
42.195 km,23.552215338818066,55.750755,37.643558,129.4,0.9000000000000057
42.195 km,23.588672888696273,55.750852,37.64411,130.5,0.0
42.195 km,23.62794866111001,55.7508,37.644727,131.4,0.0
42.195 km,23.66281569099445,55.750885,37.64525,133.5,1.0999999999999943
42.195 km,23.702037446762755,55.751105,37.645737,134.4,0.0
42.195 km,23.738368555819854,55.751363,37.646082,134.4,0.0
42.195 km,23.7711244208083,55.75163,37.6463,135.5,0.0
42.195 km,23.803451126867355,55.751895,37.64651,136.4,0.0
42.195 km,23.835279550320855,55.752148,37.646745,139.4,1.0
42.195 km,23.866484322752854,55.752403,37.64695,140.5,1.0999999999999943
42.195 km,23.899476554796493,55.75267,37.647177,141.4,0.0
42.195 km,23.93584334392946,55.752968,37.64741,143.4,0.0
42.195 km,23.970529434813937,55.753268,37.647557,144.5,0.0
42.195 km,24.001537460822526,55.753537,37.647683,145.4,0.0
42.195 km,24.034445045234907,55.753815,37.64786,148.4,0.0
42.195 km,24.06932531649695,55.754113,37.648028,149.5,0.0
42.195 km,24.103595295060813,55.754412,37.648155,149.5,0.0
42.195 km,24.137976353533908,55.75471,37.648298,150.4,0.0
42.195 km,24.17460789135311,55.755028,37.648445,150.4,0.0
42.195 km,24.21269763210382,55.755363,37.648567,151.5,0.0
42.195 km,24.253722152309248,55.755727,37.648663,151.5,0.0
42.195 km,24.293906007452936,55.756082,37.648592,153.5,2.0
42.195 km,24.33039703607727,55.756392,37.648405,153.5,0.0
42.195 km,24.367950654763167,55.756675,37.648083,152.4,0.0
42.195 km,24.4065005413612,55.756983,37.64781,155.5,0.0
42.195 km,24.445630752389285,55.75729,37.64751,155.5,0.0
42.195 km,24.48173513049398,55.75756,37.647193,155.5,0.0
42.195 km,24.520367357694017,55.757883,37.646973,156.5,0.0
42.195 km,24.55998557576542,55.758223,37.646788,156.5,0.0
42.195 km,24.600595020600828,55.758573,37.64661,156.5,0.0
42.195 km,24.639135127456413,55.758912,37.646487,155.5,0.0
42.195 km,24.679585652016026,55.759255,37.646278,155.5,0.0
42.195 km,24.719830680783986,55.759598,37.64608,155.5,0.0
42.195 km,24.75719237127012,55.759928,37.645975,155.5,0.0
42.195 km,24.795129629527036,55.760265,37.6459,155.5,0.0
42.195 km,24.832670918435934,55.760602,37.645913,154.4,0.0
42.195 km,24.871734808554805,55.76094,37.645773,154.4,0.0
42.195 km,24.91004081735141,55.761227,37.645437,155.5,0.0
42.195 km,24.947562521550484,55.76152,37.645142,155.5,0.0
42.195 km,24.987006583064662,55.761828,37.644832,155.5,0.0
42.195 km,25.027306746545054,55.762135,37.644493,155.5,0.0
42.195 km,25.06869547060531,55.762423,37.644083,153.5,0.0
42.195 km,25.106885918292683,55.762665,37.643653,154.4,0.0
42.195 km,25.145438037983652,55.762907,37.643215,154.4,0.0
42.195 km,25.184877410527154,55.763122,37.642717,155.5,0.0
42.195 km,25.223174591215304,55.763368,37.642292,155.5,0.0
42.195 km,25.26165326741724,55.763593,37.641828,155.5,0.0
42.195 km,25.299455417861907,55.763832,37.641402,156.5,0.0
42.195 km,25.337395038485248,55.764067,37.640965,157.4,0.0
42.195 km,25.373963496117472,55.76428,37.640522,157.4,0.0
42.195 km,25.411314385681607,55.7645,37.640073,157.4,0.0
42.195 km,25.45037450274699,55.764722,37.639592,157.4,0.0
42.195 km,25.489472043884934,55.764942,37.639107,156.5,0.0
42.195 km,25.528390285870397,55.765158,37.63862,154.4,0.0
42.195 km,25.568246878251085,55.765365,37.638103,152.4,0.0
42.195 km,25.606001433366185,55.765568,37.637622,151.5,0.0
42.195 km,25.644732178578888,55.765772,37.637123,152.4,-1.0999999999999943
42.195 km,25.683723460582023,55.765977,37.63662,153.5,0.0
42.195 km,25.72282471886061,55.766195,37.636132,153.5,0.0
42.195 km,25.762673205552357,55.7664,37.635612,154.4,0.0
42.195 km,25.801651975962944,55.766578,37.635078,156.5,0.0
42.195 km,25.83964043157314,55.766685,37.63451,156.5,0.0
42.195 km,25.875752765099797,55.766717,37.633938,157.4,0.0
42.195 km,25.91376715708402,55.766775,37.633342,157.4,0.0
42.195 km,25.95179307086724,55.76682,37.632742,157.4,0.0
42.195 km,25.989104897109254,55.766872,37.632155,156.5,-0.9000000000000057
42.195 km,26.02747429126079,55.766878,37.631547,157.4,0.0
42.195 km,26.068630193558374,55.7668,37.630907,157.4,0.0
42.195 km,26.10969313329148,55.766725,37.630267,157.4,0.0
42.195 km,26.149522348245505,55.766675,37.62964,157.4,0.0
42.195 km,26.189085937002492,55.76665,37.629012,157.4,0.9000000000000057
42.195 km,26.231046552267195,55.766613,37.628347,157.4,0.0
42.195 km,26.272331709995804,55.766622,37.62769,156.5,0.0
42.195 km,26.31035601188099,55.766632,37.627085,155.5,0.0
42.195 km,26.351718791569844,55.76667,37.62643,154.4,0.0
42.195 km,26.393652445118153,55.766717,37.625768,153.5,-0.9000000000000057
42.195 km,26.43625864366405,55.766805,37.625108,150.4,0.0
42.195 km,26.475867203909612,55.766888,37.624495,146.5,0.0
42.195 km,26.518564057542335,55.767012,37.623852,143.4,0.0
42.195 km,26.56148886160412,55.767122,37.623197,137.5,-0.9000000000000057
42.195 km,26.600467357868542,55.767355,37.622847,137.5,0.0
42.195 km,26.6386943276438,55.767698,37.622832,137.5,0.0
42.195 km,26.67584292134811,55.768025,37.622743,138.4,0.9000000000000057
42.195 km,26.71308714774957,55.768353,37.622633,138.4,0.0
42.195 km,26.74998248010589,55.768682,37.622573,139.4,1.0
42.195 km,26.78749818148296,55.769013,37.622468,139.4,0.0
42.195 km,26.82457778055967,55.769343,37.62239,139.4,1.0
42.195 km,26.861278030731068,55.76967,37.62232,138.4,0.0
42.195 km,26.900587733242066,55.77002,37.62224,138.4,0.0
42.195 km,26.939531267274432,55.770365,37.62214,137.5,0.0
42.195 km,26.977990691907383,55.770708,37.622075,138.4,0.0
42.195 km,27.016514947636274,55.771052,37.62201,138.4,0.0
42.195 km,27.053491349910807,55.771382,37.621947,138.4,0.0
42.195 km,27.090572860635348,55.771712,37.621873,139.4,0.0
42.195 km,27.1277548339989,55.772043,37.621797,138.4,0.0
42.195 km,27.164571176055315,55.772373,37.621763,138.4,0.0
42.195 km,27.200774355699473,55.772697,37.621718,139.4,0.0
42.195 km,27.235926226676757,55.773012,37.621688,139.4,0.0
42.195 km,27.27146312304649,55.773322,37.621578,138.4,-1.0
42.195 km,27.30995231301948,55.77331,37.62109,140.5,1.0999999999999943
42.195 km,27.354565817769462,55.772913,37.621035,139.4,-1.0999999999999943
42.195 km,27.394499597771194,55.772555,37.621017,139.4,0.0
42.195 km,27.433192263818988,55.772208,37.620997,139.4,0.0
42.195 km,27.4739412843334,55.771843,37.621042,138.4,0.0
42.195 km,27.51527220405936,55.771472,37.621058,139.4,0.0
42.195 km,27.553935013599137,55.771125,37.621068,139.4,0.0
42.195 km,27.592943444499607,55.770775,37.621085,139.4,0.0
42.195 km,27.630046769155413,55.770442,37.621102,139.4,1.0
42.195 km,27.667031002412408,55.77011,37.621095,139.4,0.0
42.195 km,27.70502588290163,55.76977,37.621135,138.4,0.0
42.195 km,27.742706269960234,55.769432,37.621155,139.4,0.0
42.195 km,27.78025462650841,55.769095,37.621168,139.4,0.0
42.195 km,27.81813547230754,55.768755,37.621153,139.4,-1.0999999999999943
42.195 km,27.8563571163894,55.768412,37.621138,139.4,0.0
42.195 km,27.894787686616397,55.768067,37.621142,138.4,0.0
42.195 km,27.92985352291607,55.767753,37.621122,140.5,0.0
42.195 km,27.970423026056412,55.767422,37.620937,138.4,-1.0
42.195 km,28.011691891905603,55.767455,37.620295,137.5,0.0
42.195 km,28.05066126717392,55.767568,37.619708,138.4,0.0
42.195 km,28.0870750243998,55.767657,37.61915,138.4,0.0
42.195 km,28.121611029770925,55.767748,37.618625,138.4,0.0
42.195 km,28.158422958314514,55.767818,37.618053,139.4,0.0
42.195 km,28.197767466037696,55.767903,37.617445,140.5,0.0
42.195 km,28.231721829784373,55.767995,37.61693,141.4,0.9000000000000057
42.195 km,28.26650670954049,55.76808,37.616397,143.4,0.9000000000000057
42.195 km,28.303376833691605,55.768158,37.615827,144.5,1.0999999999999943
42.195 km,28.340035072725854,55.768223,37.615255,144.5,0.0
42.195 km,28.374808034493135,55.76827,37.614708,145.4,0.0
42.195 km,28.412790888173255,55.768297,37.614105,148.4,0.0
42.195 km,28.44971049988397,55.768305,37.613518,145.4,-3.0
42.195 km,28.487415840160413,55.768313,37.612918,147.4,2.0
42.195 km,28.521622503322476,55.768303,37.612378,149.5,1.0999999999999943
42.195 km,28.556944546595464,55.768143,37.611893,150.4,0.0
42.195 km,28.592490033398818,55.767975,37.611412,150.4,0.0
42.195 km,28.62847665483099,55.767803,37.610927,150.4,0.0
42.195 km,28.66282561068059,55.76765,37.610452,150.4,0.0
42.195 km,28.69780123862824,55.767488,37.609975,151.5,0.0
42.195 km,28.734368290596816,55.767315,37.60948,152.4,0.0
42.195 km,28.772252560248905,55.767148,37.608955,153.5,1.0999999999999943
42.195 km,28.811206670106756,55.766983,37.60841,153.5,0.0
42.195 km,28.848746507963536,55.766852,37.60786,155.5,1.0999999999999943
42.195 km,28.885606010354998,55.766675,37.607365,158.5,1.0999999999999943
42.195 km,28.922248981279346,55.766453,37.606935,158.5,1.0999999999999943
42.195 km,28.95819929006546,55.766232,37.606518,157.4,0.0
42.195 km,28.99264380026049,55.766033,37.606098,158.5,0.0
42.195 km,29.02676200780865,55.765843,37.605672,159.4,0.0
42.195 km,29.063058485484174,55.765668,37.605185,160.5,0.0
42.195 km,29.100658492109762,55.76545,37.604728,161.4,0.0
42.195 km,29.137814014061846,55.765147,37.604673,162.5,1.0999999999999943
42.195 km,29.17904745516452,55.76479,37.604845,161.4,0.0
42.195 km,29.220736845594026,55.764443,37.604625,160.5,0.0
42.195 km,29.261430496689496,55.764128,37.604297,158.5,0.0
42.195 km,29.30133499242681,55.763827,37.603953,158.5,0.0
42.195 km,29.341529480119195,55.763523,37.603608,158.5,0.0
42.195 km,29.381227955584656,55.76323,37.603248,156.5,-0.9000000000000057
42.195 km,29.421594733956535,55.762928,37.602893,154.4,0.0
42.195 km,29.45993001809955,55.762632,37.602582,154.4,0.0
42.195 km,29.499348506096027,55.762315,37.602303,153.5,0.0
42.195 km,29.538666069833074,55.762008,37.601995,153.5,0.0
42.195 km,29.575894228695972,55.761712,37.60172,153.5,0.0
42.195 km,29.614369078140918,55.761402,37.601452,152.4,-1.0999999999999943
42.195 km,29.65299344580293,55.761103,37.601142,153.5,1.0999999999999943
42.195 km,29.693563310054383,55.760788,37.600818,152.4,-1.0999999999999943
42.195 km,29.73288642921933,55.76047,37.600547,152.4,0.0
42.195 km,29.77217228393614,55.760158,37.600255,153.5,0.0
42.195 km,29.808765658746854,55.759883,37.599937,153.5,1.0999999999999943
42.195 km,29.845275982000196,55.759602,37.599638,152.4,0.0
42.195 km,29.882336298483473,55.759307,37.599368,151.5,0.0
42.195 km,29.922079737127476,55.759002,37.59904,151.5,0.0
42.195 km,29.961627163704332,55.758693,37.59873,151.5,0.0
42.195 km,30.000811749392522,55.758375,37.598463,151.5,0.0
42.195 km,30.038592890270028,55.75807,37.5982,150.4,0.0
42.195 km,30.076133687579027,55.75775,37.598052,149.5,0.0
42.195 km,30.114753638016012,55.757628,37.598595,148.4,0.0
42.195 km,30.151475151522142,55.757863,37.598975,150.4,0.0
42.195 km,30.185823189295107,55.758142,37.5992,151.5,1.0999999999999943
42.195 km,30.224141043552795,55.758447,37.599482,152.4,0.9000000000000057
42.195 km,30.258139811829647,55.758713,37.599747,152.4,0.0
42.195 km,30.29045188997402,55.758975,37.599967,151.5,0.0
42.195 km,30.32891437646374,55.75929,37.600217,153.5,1.0999999999999943
42.195 km,30.366230495017106,55.759582,37.600507,153.5,0.0
42.195 km,30.40447787112586,55.759865,37.60085,153.5,0.0
42.195 km,30.444977894444353,55.760173,37.601192,154.4,0.0
42.195 km,30.481470081673624,55.76046,37.601472,154.4,0.0
42.195 km,30.517014705491725,55.760733,37.601765,154.4,0.0
42.195 km,30.553879599338448,55.761018,37.602063,154.4,0.0
42.195 km,30.591334104644538,55.761315,37.602343,155.5,1.0999999999999943
42.195 km,30.628272949783646,55.761607,37.602622,154.4,0.9000000000000057
42.195 km,30.66412919033854,55.761877,37.602933,154.4,0.0
42.195 km,30.700632557000237,55.762162,37.60322,157.4,0.0
42.195 km,30.735174506721165,55.76243,37.603497,154.4,0.0
42.195 km,30.771794898869302,55.762718,37.603778,156.5,1.0
42.195 km,30.807344318282915,55.763003,37.604032,156.5,0.0
42.195 km,30.844528648616613,55.763293,37.604325,157.4,0.0
42.195 km,30.878663810458814,55.76356,37.604592,158.5,0.0
42.195 km,30.91269309925887,55.763828,37.604852,158.5,0.0
42.195 km,30.948304666868438,55.764108,37.605125,159.4,0.0
42.195 km,30.984373802954753,55.76438,37.605428,160.5,0.0
42.195 km,31.02382876574051,55.76437,37.605972,162.5,0.0
42.195 km,31.064808809943013,55.764055,37.606308,162.5,0.0
42.195 km,31.10230552830639,55.763768,37.60662,162.5,0.0
42.195 km,31.14288913431555,55.763472,37.606997,161.4,0.0
42.195 km,31.185905792444284,55.763163,37.607408,160.5,0.0
42.195 km,31.229616362267542,55.762852,37.607832,160.5,0.0
42.195 km,31.273767210324014,55.76254,37.608265,159.4,0.0
42.195 km,31.31592263014225,55.762247,37.60869,158.5,0.0
42.195 km,31.358088850278374,55.76196,37.609128,157.4,-1.0999999999999943
42.195 km,31.39965549757832,55.761667,37.609538,157.4,0.0
42.195 km,31.432483876412814,55.761415,37.609807,156.5,0.0
42.195 km,31.46334291683099,55.761165,37.610018,156.5,0.0
42.195 km,31.496017073715194,55.760888,37.610188,155.5,0.0
42.195 km,31.53364194588557,55.760585,37.610452,154.4,0.0
42.195 km,31.575004104424494,55.760263,37.61078,153.5,0.0
42.195 km,31.612097243294695,55.759972,37.611067,152.4,0.0
42.195 km,31.652714194429077,55.759652,37.611377,149.5,0.0
42.195 km,31.69692303860955,55.759318,37.611757,148.4,0.0
42.195 km,31.738797354000262,55.759002,37.612118,145.4,-1.0999999999999943
42.195 km,31.776160056339123,55.758712,37.612417,143.4,-1.0999999999999943
42.195 km,31.813809488331714,55.758423,37.612728,142.5,-0.9000000000000057
42.195 km,31.848957480489013,55.758155,37.613023,141.4,0.0
42.195 km,31.88584377710862,55.75788,37.61335,141.4,0.0
42.195 km,31.920438475677376,55.757638,37.613695,141.4,-1.0999999999999943
42.195 km,31.95391172898705,55.757423,37.614067,141.4,0.0
42.195 km,31.989918717277103,55.757203,37.614487,139.4,0.0
42.195 km,32.02731747418948,55.756963,37.6149,139.4,0.0
42.195 km,32.06687308202699,55.756642,37.614735,137.5,0.0
42.195 km,32.10572912801643,55.756375,37.614337,136.4,0.0
42.195 km,32.14365174715829,55.756112,37.613955,136.4,0.0
42.195 km,32.18181113130282,55.755832,37.613605,135.5,0.0
42.195 km,32.22167035398821,55.755552,37.613212,135.5,0.0
42.195 km,32.25954300236417,55.755243,37.612962,135.5,0.0
42.195 km,32.29786509195391,55.754942,37.612667,135.5,0.0
42.195 km,32.33673662689546,55.754645,37.612342,134.4,0.0
42.195 km,32.370807310072216,55.75474,37.612538,136.4,0.9000000000000057
42.195 km,32.40902337294215,55.755028,37.612868,138.4,0.9000000000000057
42.195 km,32.448103624340376,55.755325,37.613198,138.4,0.0
42.195 km,32.48624133562992,55.755613,37.613525,137.5,0.0
42.195 km,32.522417791712186,55.755892,37.61382,137.5,0.0
42.195 km,32.558977849891875,55.756168,37.614135,137.5,0.0
42.195 km,32.595316272787194,55.756438,37.61446,138.4,0.0
42.195 km,32.63361235972071,55.756703,37.614848,139.4,1.0
42.195 km,32.67025191230602,55.756918,37.615288,139.4,0.0
42.195 km,32.7078167708453,55.757123,37.615763,139.4,0.0
42.195 km,32.74478523354051,55.757363,37.616168,138.4,-1.0
42.195 km,32.78140134939058,55.757602,37.616568,139.4,0.0
42.195 km,32.81587109181771,55.75784,37.616918,140.5,0.0
42.195 km,32.85230506424664,55.75808,37.617312,138.4,0.0
42.195 km,32.88872226896643,55.758308,37.617727,139.4,0.0
42.195 km,32.925520899260796,55.758472,37.618233,139.4,0.0
42.195 km,32.961819324749065,55.758557,37.61879,139.4,0.0
42.195 km,32.997415277191045,55.75865,37.61933,139.4,0.0
42.195 km,33.03443462883245,55.75875,37.61989,139.4,0.0
42.195 km,33.071109244125324,55.758847,37.620448,139.4,0.0
42.195 km,33.108127273919216,55.75895,37.621008,139.4,0.0
42.195 km,33.14362577730206,55.759052,37.621543,139.4,0.0
42.195 km,33.177669763191595,55.759123,37.62207,140.5,0.0
42.195 km,33.21201248604463,55.759198,37.6226,140.5,0.0
42.195 km,33.24664322480799,55.759292,37.623125,141.4,0.9000000000000057
42.195 km,33.279976863897204,55.759358,37.623642,142.5,0.0
42.195 km,33.3129746089645,55.759405,37.62416,144.5,1.0999999999999943
42.195 km,33.34596837665442,55.759462,37.624675,146.5,1.0999999999999943
42.195 km,33.37886437759482,55.759543,37.625178,146.5,0.0
42.195 km,33.41394078542106,55.759535,37.625725,148.4,0.0
42.195 km,33.45090680206719,55.759338,37.626192,149.5,0.0
42.195 km,33.48958049931094,55.759065,37.626572,149.5,0.0
42.195 km,33.52781200123823,55.758797,37.626952,149.5,0.0
42.195 km,33.56371665821601,55.758538,37.627292,149.5,0.0
42.195 km,33.601811084726464,55.758273,37.627675,150.4,0.9000000000000057
42.195 km,33.63883955838429,55.758012,37.62804,149.5,0.0
42.195 km,33.675782472107805,55.757755,37.628412,150.4,0.0
42.195 km,33.71144031227668,55.757508,37.628773,150.4,0.0
42.195 km,33.747435090833754,55.757265,37.62915,150.4,0.0
42.195 km,33.78465480776329,55.757005,37.629522,149.5,-0.9000000000000057
42.195 km,33.82267290789348,55.756752,37.629928,148.4,0.0
42.195 km,33.86102396094317,55.756537,37.630403,147.4,0.0
42.195 km,33.89847576740378,55.756285,37.630797,146.5,0.0
42.195 km,33.93679666107345,55.75601,37.631163,145.4,0.0
42.195 km,33.97570415386655,55.755735,37.631545,143.4,-1.0999999999999943
42.195 km,34.01484843511411,55.755468,37.63195,142.5,-0.9000000000000057
42.195 km,34.05383182129091,55.75519,37.632327,141.4,0.0
42.195 km,34.09328659432998,55.754905,37.6327,139.4,0.0
42.195 km,34.13324656423421,55.754615,37.633073,138.4,0.0
42.195 km,34.17434118941909,55.75429,37.633382,134.4,0.0
42.195 km,34.215060609059115,55.75394,37.633555,133.5,0.0
42.195 km,34.25163800231409,55.753612,37.633542,130.5,1.0999999999999943
42.195 km,34.28808978169326,55.753285,37.633532,129.4,0.0
42.195 km,34.33229056920097,55.75289,37.633472,129.4,-1.0999999999999943
42.195 km,34.374761886508054,55.75251,37.633417,128.5,0.0
42.195 km,34.410157356835086,55.752197,37.633325,128.5,0.0
42.195 km,34.450184387435904,55.751845,37.633197,127.4,-1.0999999999999943
42.195 km,34.49025181011041,55.751492,37.633075,125.4,-1.0999999999999943
42.195 km,34.52709658663464,55.751172,37.632927,125.4,0.0
42.195 km,34.56382135316616,55.750852,37.632787,125.4,0.0
42.195 km,34.603223794605654,55.750502,37.632703,124.5,0.0
42.195 km,34.64403084961864,55.750142,37.632583,123.4,0.0
42.195 km,34.68209331247986,55.749808,37.632457,122.4,-1.0
42.195 km,34.719163073367184,55.749575,37.632705,122.4,0.0
42.195 km,34.7613307841932,55.749452,37.63334,125.4,0.0
42.195 km,34.799825604333904,55.74937,37.633935,123.4,-2.0
42.195 km,34.83729903430393,55.749242,37.634485,124.5,0.0
42.195 km,34.876062753865355,55.749058,37.635008,124.5,0.0
42.195 km,34.914597844991945,55.748903,37.635555,124.5,0.0
42.195 km,34.95311686312211,55.748762,37.636115,124.5,0.0
42.195 km,34.99092641539527,55.748612,37.636655,124.5,0.0
42.195 km,35.02913577993793,55.748462,37.637202,124.5,0.0
42.195 km,35.06692009991163,55.74832,37.637748,124.5,0.0
42.195 km,35.105597080190485,55.74817,37.638303,123.4,0.0
42.195 km,35.142398414882884,55.747993,37.63878,123.4,0.0
42.195 km,35.183630546161346,55.748115,37.638185,121.5,0.0
42.195 km,35.22404109381858,55.748252,37.63759,120.4,0.0
42.195 km,35.26368862476655,55.748407,37.637022,119.5,-0.9000000000000057
42.195 km,35.3006291910908,55.748552,37.636493,120.4,0.0
42.195 km,35.337855426772165,55.748692,37.635955,120.4,0.0
42.195 km,35.37527583752719,55.748843,37.635423,121.5,0.0
42.195 km,35.413419788487374,55.748978,37.634865,119.5,-2.9000000000000057
42.195 km,35.45062889785265,55.749127,37.634335,119.5,0.0
42.195 km,35.48972153582943,55.74928,37.633775,120.4,0.0
42.195 km,35.52909630994197,55.749407,37.63319,120.4,0.0
42.195 km,35.56527460334064,55.749492,37.632635,120.4,-1.0999999999999943
42.195 km,35.603330577508935,55.74958,37.63205,121.5,0.0
42.195 km,35.639813375046664,55.749662,37.631488,120.4,0.0
42.195 km,35.6772760732608,55.74973,37.630905,120.4,0.0
42.195 km,35.7154201663714,55.749775,37.630303,121.5,-0.9000000000000057
42.195 km,35.75280344415133,55.74981,37.629712,121.5,0.0
42.195 km,35.789461806211804,55.749842,37.629133,121.5,-0.9000000000000057
42.195 km,35.82677620636417,55.749895,37.628547,120.4,-1.0999999999999943
42.195 km,35.86398439988101,55.749897,37.627955,121.5,0.0
42.195 km,35.90181697627984,55.749897,37.627353,121.5,0.0
42.195 km,35.939308133756256,55.749882,37.626757,121.5,0.0
42.195 km,35.976540156598666,55.74985,37.626167,121.5,0.0
42.195 km,36.01286487650827,55.749817,37.625592,121.5,0.0
42.195 km,36.04869223881786,55.749773,37.625027,122.4,0.0
42.195 km,36.08431502770649,55.749723,37.624467,123.4,0.0
42.195 km,36.12210276993431,55.749663,37.623877,122.4,-1.0
42.195 km,36.16161811348789,55.749577,37.623267,122.4,0.0
42.195 km,36.2004715234332,55.749528,37.622655,122.4,0.0
42.195 km,36.23720681470276,55.749468,37.62208,122.4,0.0
42.195 km,36.27393424388853,55.749418,37.621502,122.4,0.0
42.195 km,36.310090574538904,55.749342,37.620943,122.4,0.0
42.195 km,36.34787487355438,55.749255,37.620362,121.5,0.0
42.195 km,36.38352333016674,55.749155,37.619823,121.5,0.0
42.195 km,36.41969205204312,55.749075,37.619265,121.5,0.0
42.195 km,36.45688258000925,55.748985,37.618695,122.4,0.0
42.195 km,36.493405855960404,55.748902,37.618133,122.4,0.0
42.195 km,36.52988987289586,55.748815,37.617573,121.5,0.0
42.195 km,36.56553443276557,55.748733,37.617025,121.5,0.0
42.195 km,36.60145888157082,55.748625,37.616487,121.5,1.0999999999999943
42.195 km,36.6374292290424,55.748493,37.615965,121.5,0.0
42.195 km,36.67484097318549,55.748348,37.615428,122.4,0.0
42.195 km,36.71202540865674,55.748213,37.614887,122.4,0.0
42.195 km,36.74796245277715,55.748085,37.614362,122.4,0.0
42.195 km,36.78348763972779,55.747947,37.613853,122.4,0.0
42.195 km,36.818115461563806,55.747823,37.613348,121.5,0.0
42.195 km,36.854366222617195,55.747688,37.612823,122.4,0.9000000000000057
42.195 km,36.890803073049916,55.747538,37.612308,121.5,0.0
42.195 km,36.924436547129964,55.747382,37.611852,123.4,0.0
42.195 km,36.963271939679025,55.747217,37.611312,124.5,0.0
42.195 km,37.00092329414196,55.746963,37.610917,121.5,0.0
42.195 km,37.03895975882686,55.746717,37.610497,122.4,-1.0
42.195 km,37.076009187565,55.746478,37.610088,122.4,0.0
42.195 km,37.11296087334375,55.746212,37.609742,122.4,0.0
42.195 km,37.150503812650726,55.745913,37.609467,122.4,0.0
42.195 km,37.18583737329266,55.745637,37.60919,122.4,0.0
42.195 km,37.2201232965265,55.745367,37.608928,122.4,0.0
42.195 km,37.25522344501557,55.74509,37.608662,122.4,0.0
42.195 km,37.28880456505836,55.744825,37.608408,121.5,0.0
42.195 km,37.32064093363758,55.74459,37.60812,121.5,0.0
42.195 km,37.35585257289066,55.744308,37.607867,122.4,0.0
42.195 km,37.39097804025925,55.744032,37.607597,122.4,0.9000000000000057
42.195 km,37.42599820042351,55.743747,37.607363,122.4,-1.0
42.195 km,37.462818763129675,55.743433,37.607182,123.4,1.0
42.195 km,37.49827686679335,55.743122,37.607063,123.4,0.0
42.195 km,37.53330755839886,55.742813,37.606962,123.4,0.0
42.195 km,37.567909974763815,55.742503,37.606953,123.4,0.0
42.195 km,37.60269360468049,55.742193,37.60698,123.4,0.0
42.195 km,37.63825864337728,55.74188,37.606868,123.4,0.0
42.195 km,37.673691849301534,55.741567,37.606768,122.4,0.0
42.195 km,37.70793401474693,55.741265,37.606672,123.4,1.0
42.195 km,37.743916796613405,55.740952,37.60653,123.4,0.0
42.195 km,37.77922110659293,55.740643,37.606405,122.4,0.0
42.195 km,37.81660288773352,55.740315,37.60628,122.4,0.0
42.195 km,37.85246264370114,55.740002,37.606147,122.4,0.0
42.195 km,37.88855468124301,55.739685,37.606028,122.4,0.0
42.195 km,37.92641766996172,55.739353,37.6059,122.4,0.0
42.195 km,37.96339570801062,55.739035,37.605732,122.4,0.0
42.195 km,38.00163301400314,55.738717,37.605503,122.4,0.0
42.195 km,38.036258691347676,55.738455,37.605208,122.4,0.0
42.195 km,38.071475167903486,55.738225,37.604827,122.4,0.0
42.195 km,38.10656544494645,55.738022,37.6044,122.4,0.0
42.195 km,38.14211903705215,55.737815,37.60397,122.4,-1.0
42.195 km,38.17752625118961,55.737612,37.603537,121.5,-0.9000000000000057
42.195 km,38.21346776847869,55.737413,37.603087,121.5,0.0
42.195 km,38.249568500905085,55.73721,37.60264,122.4,0.0
42.195 km,38.28493697771582,55.737002,37.602215,123.4,0.0
42.195 km,38.31914942820658,55.736808,37.601793,123.4,0.0
42.195 km,38.354356897359864,55.736598,37.601375,122.4,0.0
42.195 km,38.38970088146328,55.736403,37.600932,122.4,0.0
42.195 km,38.425036623108355,55.736195,37.600508,121.5,0.0
42.195 km,38.460088396687325,55.735988,37.600088,121.5,0.0
42.195 km,38.49651580525207,55.735773,37.599652,122.4,0.0
42.195 km,38.53050530244716,55.735562,37.599262,122.4,0.0
42.195 km,38.56459797935949,55.735343,37.598883,122.4,0.0
42.195 km,38.60030388287175,55.7351,37.598513,122.4,0.0
42.195 km,38.63496220737615,55.734868,37.598147,122.4,0.0
42.195 km,38.66923995904861,55.734618,37.59783,123.4,0.0
42.195 km,38.69662366876612,55.734402,37.597623,123.4,0.0
42.195 km,38.73234110201685,55.734137,37.597305,122.4,0.0
42.195 km,38.77087660680799,55.733843,37.596982,122.4,0.0
42.195 km,38.80707289696175,55.733568,37.596675,122.4,0.0
42.195 km,38.842017205791564,55.733293,37.596408,122.4,0.0
42.195 km,38.87706404328921,55.733022,37.596125,122.4,0.0
42.195 km,38.91020477124009,55.732757,37.595885,122.4,0.0
42.195 km,38.94406378189797,55.732487,37.595638,122.4,0.0
42.195 km,38.97722118454885,55.732227,37.595382,122.4,0.0
42.195 km,39.0112761333336,55.731958,37.595125,122.4,0.0
42.195 km,39.044393210881495,55.731693,37.594887,122.4,0.0
42.195 km,39.07663610541545,55.731435,37.594655,123.4,0.0
42.195 km,39.11110896060065,55.731152,37.594433,122.4,0.0
42.195 km,39.14429103133454,55.73088,37.594218,122.4,0.0
42.195 km,39.17767124897044,55.730605,37.594007,122.4,-1.0
42.195 km,39.20989042824933,55.730335,37.593823,122.4,0.0
42.195 km,39.244903027911526,55.730048,37.593597,122.4,0.0
42.195 km,39.27925458033424,55.729758,37.593412,122.4,0.0
42.195 km,39.31486084739473,55.729462,37.593198,122.4,0.0
42.195 km,39.349497020899854,55.729178,37.592975,122.4,0.0
42.195 km,39.3863194665593,55.728863,37.592798,122.4,0.0
42.195 km,39.420059254400556,55.728582,37.592598,122.4,0.0
42.195 km,39.455633315360494,55.728288,37.592377,121.5,-0.9000000000000057
42.195 km,39.48930642957618,55.728005,37.59219,122.4,0.0
42.195 km,39.52153880793935,55.727737,37.591998,121.5,0.0
42.195 km,39.55620111831441,55.727447,37.591798,121.5,0.0
42.195 km,39.59284068671629,55.727143,37.591578,121.5,0.0
42.195 km,39.62690279401987,55.72686,37.591373,121.5,0.0
42.195 km,39.66144732261889,55.72658,37.591137,122.4,0.9000000000000057
42.195 km,39.69594455583519,55.726308,37.590875,122.4,0.0
42.195 km,39.73018686044439,55.726042,37.590603,122.4,0.0
42.195 km,39.765341171182875,55.72576,37.590353,122.4,0.0
42.195 km,39.79898726283885,55.725492,37.590108,123.4,0.0
42.195 km,39.833260048215486,55.725232,37.589817,122.4,0.0
42.195 km,39.868279772437596,55.72496,37.589538,123.4,0.0
42.195 km,39.90397435872926,55.72468,37.589263,123.4,0.0
42.195 km,39.93841792919014,55.724418,37.588973,121.5,-0.9000000000000057
42.195 km,39.97493447817588,55.72414,37.588665,122.4,0.0
42.195 km,40.010488863390975,55.723865,37.588378,121.5,0.0
42.195 km,40.04498697866984,55.723605,37.58808,121.5,0.0
42.195 km,40.07935438574336,55.723335,37.587817,121.5,0.0
42.195 km,40.11313113382651,55.72307,37.587557,121.5,1.0999999999999943
42.195 km,40.14618811224756,55.722813,37.587295,122.4,0.9000000000000057
42.195 km,40.18067038149277,55.722543,37.587028,120.4,-1.0999999999999943
42.195 km,40.2145286045101,55.722282,37.586752,122.4,0.9000000000000057
42.195 km,40.248049131238105,55.722013,37.586515,121.5,0.0
42.195 km,40.28279447986043,55.721758,37.586203,122.4,0.9000000000000057
42.195 km,40.318249730515305,55.7215,37.585892,122.4,0.0
42.195 km,40.35463762223981,55.721208,37.585633,122.4,0.0
42.195 km,40.389851044503644,55.720935,37.585352,122.4,0.9000000000000057
42.195 km,40.42656787384631,55.720652,37.585053,122.4,0.0
42.195 km,40.462640668465745,55.720367,37.584782,122.4,0.0
42.195 km,40.499321446443616,55.72009,37.584467,122.4,0.0
42.195 km,40.53672810483587,55.71981,37.58414,122.4,0.0
42.195 km,40.574210194629366,55.719528,37.583815,122.4,0.0
42.195 km,40.61168038989848,55.71926,37.583457,122.4,0.0
42.195 km,40.6478344757184,55.719002,37.583108,122.4,0.0
42.195 km,40.682057115056175,55.718752,37.582792,123.4,0.0
42.195 km,40.716835273499214,55.718515,37.582432,123.4,0.0
42.195 km,40.75295840182747,55.718258,37.582082,122.4,0.0
42.195 km,40.78843156930777,55.717998,37.581757,123.4,0.0
42.195 km,40.82472256912121,55.717743,37.581398,123.4,0.0
42.195 km,40.859626546926286,55.717505,37.581037,123.4,0.0
42.195 km,40.89474768847651,55.71727,37.580668,122.4,0.0
42.195 km,40.93098422797557,55.717023,37.580293,122.4,0.0
42.195 km,40.967320874572906,55.716785,37.579898,122.4,0.0
42.195 km,41.00461700327308,55.716528,37.579518,122.4,0.0
42.195 km,41.042028798722754,55.71628,37.579117,122.4,0.0
42.195 km,41.07887837629379,55.716047,37.578702,123.4,1.0
42.195 km,41.11672296560702,55.715787,37.578315,123.4,0.0
42.195 km,41.15388537229469,55.715543,37.577913,122.4,0.0
42.195 km,41.191752741426036,55.715292,37.577507,122.4,0.0
42.195 km,41.229685379538,55.715053,37.577078,122.4,0.0
42.195 km,41.26735793512855,55.714833,37.576623,125.4,3.0
42.195 km,41.300982552679024,55.714638,37.576217,125.4,0.0
42.195 km,41.34054593914518,55.71438,37.575785,123.4,0.0
42.195 km,41.38132464237878,55.714157,37.575273,122.4,0.0
42.195 km,41.418173440684455,55.713958,37.574805,122.4,0.0
42.195 km,41.45493242934291,55.713783,37.57431,122.4,0.0
42.195 km,41.49380490535646,55.713632,37.573753,122.4,0.0
42.195 km,41.5320187324953,55.71346,37.573228,122.4,-1.0
42.195 km,41.57193735202497,55.713282,37.572677,122.4,0.0
42.195 km,41.61016945112603,55.713115,37.572147,122.4,0.0
42.195 km,41.64664426856065,55.712948,37.571648,122.4,0.0
42.195 km,41.68633533685404,55.712775,37.571098,122.4,0.0
42.195 km,41.72609014727069,55.712665,37.570497,122.4,0.0
42.195 km,41.765935651656,55.712527,37.569913,122.4,0.0
42.195 km,41.807845803798855,55.7125,37.569272,121.5,0.0
42.195 km,41.851005684520885,55.71275,37.56875,120.4,0.0
42.195 km,41.895007769848085,55.713033,37.568262,120.4,0.0
42.195 km,41.93893593037318,55.713312,37.567768,120.4,0.0
42.195 km,41.979160298882064,55.713575,37.56733,120.4,0.0
42.195 km,42.02034910013027,55.713855,37.566902,121.5,0.0
42.195 km,42.06415471803191,55.714143,37.566428,121.5,0.0
42.195 km,42.10787812601192,55.714428,37.56595,121.5,0.0
42.195 km,42.14527337330113,55.71466,37.56552,122.4,0.0
42.195 km,42.17773040791957,55.714873,37.565172,124.5,1.0999999999999943
42.195 km,42.21702111797611,55.715115,37.564718,120.4,-1.0999999999999943
42.195 km,42.25770629218177,55.71537,37.564255,120.4,-1.0999999999999943
42.195 km,42.30023516213599,55.71565,37.563795,122.4,0.0
42.195 km,42.341173332483365,55.715917,37.563348,120.4,-2.0
42.195 km,42.38167419851578,55.716177,37.562898,121.5,0.0
42.195 km,42.4204128281531,55.716427,37.56247,121.5,-0.9000000000000057
42.195 km,42.457207044247696,55.71666,37.562055,121.5,0.0
42.195 km,42.49628724053176,55.716917,37.561632,122.4,0.0
42.195 km,42.53636618874458,55.717172,37.561183,122.4,0.0
42.195 km,42.57602755189621,55.717432,37.560752,122.4,0.9000000000000057
